title,url,specifications
OPPO Reno14 F 5G 12GB/256GB,https://www.thegioididong.com/dtdd/oppo-reno14-f-5g-12gb-256gb,"màn hình: AMOLED
6.83""
1.5K<br>hệ điều hành: Android 15<br>camera sau: Chính 50 MP & Phụ 50 MP, 50 MP<br>camera trước: 50 MP<br>chip: MediaTek Dimensity 8450 5G 8 nhân<br>ram: 12 GB<br>dung lượng lưu trữ: 512 GB<br>sim: 2 Nano SIM hoặc 1 Nano SIM + 1 eSIM
Hỗ trợ 5G<br>pin, sạc: 6200 mAh
80 W<br>hãng: OPPO"
Samsung Galaxy Z Flip7 FE 5G 8GB/128GB,https://www.thegioididong.com/dtdd/samsung-galaxy-z-flip7-fe,"màn hình: Chính: Dynamic AMOLED 2X, Phụ: Super AMOLED
Chính 6.9"" & Phụ 4.1""
Full HD+<br>hệ điều hành: Android 16<br>camera sau: Chính 50 MP & Phụ 12 MP<br>camera trước: 10 MP<br>chip: Exynos 2500 8 nhân<br>ram: 12 GB<br>dung lượng lưu trữ: 256 GB<br>sim: 1 Nano SIM + 1 eSIM hoặc 2 eSIM
Hỗ trợ 5G<br>pin, sạc: 4300 mAh
25 W<br>hãng: Samsung"
iPhone 16 Pro Max 256GB,https://www.thegioididong.com/dtdd/iphone-16-pro-max,"hệ điều hành: iOS 18<br>chip xử lý (cpu): Apple A18 Pro 6 nhân<br>ram: 8 GB<br>dung lượng lưu trữ: 256 GB<br>độ phân giải camera sau: Chính 48 MP & Phụ 48 MP, 12 MP<br>độ phân giải camera trước: 12 MP<br>công nghệ màn hình: OLED<br>độ phân giải màn hình: Super Retina XDR (1320 x 2868 Pixels)<br>màn hình rộng: 6.9"" - Tần số quét 120 Hz<br>dung lượng pin: 33 giờ<br>hỗ trợ sạc tối đa: 20 W<br>mạng di động: Hỗ trợ 5G<br>sim: 1 Nano SIM & 1 eSIM<br>hãng: iPhone (Apple)"
iPhone 16 Pro 128GB,https://www.thegioididong.com/dtdd/iphone-16-pro,"hệ điều hành: iOS 18<br>chip xử lý (cpu): Apple A18 Pro 6 nhân<br>ram: 8 GB<br>dung lượng lưu trữ: 128 GB<br>độ phân giải camera sau: Chính 48 MP & Phụ 48 MP, 12 MP<br>độ phân giải camera trước: 12 MP<br>công nghệ màn hình: OLED<br>độ phân giải màn hình: Super Retina XDR (1206 x 2622 Pixels)<br>màn hình rộng: 6.3"" - Tần số quét 120 Hz<br>dung lượng pin: 27 giờ<br>hỗ trợ sạc tối đa: 20 W<br>mạng di động: Hỗ trợ 5G<br>sim: 1 Nano SIM & 1 eSIM<br>hãng: iPhone (Apple)"
Samsung Galaxy Z Fold7 5G 12GB/256GB,https://www.thegioididong.com/dtdd/samsung-galaxy-z-fold7,"màn hình: Chính: Dynamic AMOLED 2X, Phụ: Super AMOLED
Chính 6.9"" & Phụ 4.1""
Full HD+<br>hệ điều hành: Android 16<br>camera sau: Chính 50 MP & Phụ 12 MP<br>camera trước: 10 MP<br>chip: Exynos 2500 8 nhân<br>ram: 12 GB<br>dung lượng lưu trữ: 256 GB<br>sim: 1 Nano SIM + 1 eSIM hoặc 2 eSIM
Hỗ trợ 5G<br>pin, sạc: 4300 mAh
25 W<br>hãng: Samsung"
Samsung Galaxy Z Flip7 5G 12GB/256GB,https://www.thegioididong.com/dtdd/samsung-galaxy-z-flip7,"màn hình: Chính: Dynamic AMOLED 2X, Phụ: Super AMOLED
Chính 6.9"" & Phụ 4.1""
Full HD+<br>hệ điều hành: Android 16<br>camera sau: Chính 50 MP & Phụ 12 MP<br>camera trước: 10 MP<br>chip: Exynos 2500 8 nhân<br>ram: 12 GB<br>dung lượng lưu trữ: 256 GB<br>sim: 1 Nano SIM + 1 eSIM hoặc 2 eSIM
Hỗ trợ 5G<br>pin, sạc: 4300 mAh
25 W<br>hãng: Samsung"
OPPO Reno14 5G 12GB/512GB,https://www.thegioididong.com/dtdd/oppo-reno14-5g-512gb,"màn hình: AMOLED
6.83""
1.5K<br>hệ điều hành: Android 15<br>camera sau: Chính 50 MP & Phụ 50 MP, 50 MP<br>camera trước: 50 MP<br>chip: MediaTek Dimensity 8450 5G 8 nhân<br>ram: 12 GB<br>dung lượng lưu trữ: 512 GB<br>sim: 2 Nano SIM hoặc 1 Nano SIM + 1 eSIM
Hỗ trợ 5G<br>pin, sạc: 6200 mAh
80 W<br>hãng: OPPO"
OPPO Reno14 Pro 5G 12GB/512GB,https://www.thegioididong.com/dtdd/oppo-reno14-pro-5g,"màn hình: AMOLED
6.83""
1.5K<br>hệ điều hành: Android 15<br>camera sau: Chính 50 MP & Phụ 50 MP, 50 MP<br>camera trước: 50 MP<br>chip: MediaTek Dimensity 8450 5G 8 nhân<br>ram: 12 GB<br>dung lượng lưu trữ: 512 GB<br>sim: 2 Nano SIM hoặc 1 Nano SIM + 1 eSIM
Hỗ trợ 5G<br>pin, sạc: 6200 mAh
80 W<br>hãng: OPPO"
Xiaomi Redmi Note 14 Pro 8GB/256GB,https://www.thegioididong.com/dtdd/xiaomi-redmi-note-14-pro,"hệ điều hành: Xiaomi HyperOS (Android 14)<br>chip xử lý (cpu): MediaTek Helio G100-Ultra 8 nhân<br>ram: 8 GB<br>dung lượng lưu trữ: 256 GB<br>độ phân giải camera sau: Chính 200 MP & Phụ 8 MP, 2 MP<br>độ phân giải camera trước: 32 MP<br>công nghệ màn hình: AMOLED<br>độ phân giải màn hình: Full HD+ (1080 x 2400 Pixels)<br>màn hình rộng: 6.67"" - Tần số quét 120 Hz<br>dung lượng pin: 5500 mAh<br>hỗ trợ sạc tối đa: 45 W<br>mạng di động: Hỗ trợ 4G<br>sim: 2 Nano SIM (SIM 2 chung khe thẻ nhớ)<br>hãng: Xiaomi"
Xiaomi Redmi Note 14 Pro+ 5G 8GB/256GB,https://www.thegioididong.com/dtdd/xiaomi-redmi-note-14-pro-plus,"hệ điều hành: Android 14<br>chip xử lý (cpu): Snapdragon 7s Gen 3 5G 8 nhân<br>ram: 8 GB<br>dung lượng lưu trữ: 256 GB<br>độ phân giải camera sau: Chính 200 MP & Phụ 8 MP, 2 MP<br>độ phân giải camera trước: 20 MP<br>công nghệ màn hình: AMOLED<br>độ phân giải màn hình: 1.5K (1220 x 2712 Pixels)<br>màn hình rộng: 6.67"" - Tần số quét 120 Hz<br>dung lượng pin: 5110 mAh<br>hỗ trợ sạc tối đa: 120 W<br>mạng di động: Hỗ trợ 5G<br>sim: 2 Nano SIM<br>hãng: Xiaomi"
vivo Y39 5G 8GB/128GB,https://www.thegioididong.com/dtdd/vivo-y39-5g,"màn hình: IPS LCD
6.68 ""
HD+<br>hệ điều hành: Android 15<br>camera sau: Chính 50 MP & Phụ 2 MP<br>camera trước: 8 MP<br>chip: Snapdragon 4 Gen 2 8 nhân<br>ram: 8 GB<br>dung lượng lưu trữ: 256 GB<br>sim: 2 Nano SIM
Hỗ trợ 5G<br>pin, sạc: 6500 mAh
44 W<br>hãng: vivo"
vivo V50 Lite 5G 8GB/256GB,https://www.thegioididong.com/dtdd/vivo-v50-lite-5g,"hệ điều hành: Android 15<br>chip xử lý (cpu): MediaTek Dimensity 6300 5G 8 nhân<br>ram: 8 GB<br>dung lượng lưu trữ: 256 GB<br>độ phân giải camera sau: Chính 50 MP & Phụ 8 MP<br>độ phân giải camera trước: 32 MP<br>công nghệ màn hình: AMOLED<br>độ phân giải màn hình: Full HD+ (1080 x 2392 Pixels)<br>màn hình rộng: 6.77 "" - Tần số quét 120 Hz<br>dung lượng pin: 6500 mAh<br>hỗ trợ sạc tối đa: 90 W<br>mạng di động: Hỗ trợ 5G<br>sim: 2 Nano SIM<br>hãng: vivo"
realme 14T 5G 8GB/256GB,https://www.thegioididong.com/dtdd/realme-14t-5g-8gb,"hệ điều hành: Android 15<br>chip xử lý (cpu): MediaTek Dimensity 6300 5G 8 nhân<br>ram: 8 GB<br>dung lượng lưu trữ: 256 GB<br>độ phân giải camera sau: Chính 50 MP & Phụ 2 MP<br>độ phân giải camera trước: 16 MP<br>công nghệ màn hình: AMOLED<br>độ phân giải màn hình: Full HD+ (1080 x 2400 Pixels)<br>màn hình rộng: 6.67"" - Tần số quét 120 Hz<br>dung lượng pin: 6000 mAh<br>hỗ trợ sạc tối đa: 45 W<br>mạng di động: Hỗ trợ 5G<br>sim: 2 Nano SIM<br>hãng: realme"
HONOR 400 5G 12GB/256GB Đen,https://www.thegioididong.com/dtdd/honor-400-5g-12gb-256gb-den,"màn hình: AMOLED
6.7""
1.5K<br>hệ điều hành: Android 15<br>camera sau: Chính 200 MP & Phụ 50 MP, 12 MP<br>camera trước: 50 MP<br>chip: Snapdragon 8 Gen 3 8 nhân<br>ram: 12 GB<br>dung lượng lưu trữ: 512 GB<br>sim: 2 Nano SIM
Hỗ trợ 5G<br>pin, sạc: 6000 mAh
100 W<br>hãng: HONOR"
Tecno Spark 30 8GB/128GB,https://www.thegioididong.com/dtdd/tecno-spark-30,"hệ điều hành: Android 14<br>chip xử lý (cpu): MediaTek Helio G91 Ultra 8 nhân<br>ram: 8 GB<br>dung lượng lưu trữ: 128 GB<br>độ phân giải camera sau: Chính 64 MP & Phụ 2 MP<br>độ phân giải camera trước: 13 MP<br>công nghệ màn hình: IPS LCD<br>độ phân giải màn hình: Full HD+ (1080 x 2460 Pixels)<br>màn hình rộng: 6.78"" - Tần số quét 90 Hz<br>dung lượng pin: 5000 mAh<br>hỗ trợ sạc tối đa: 18 W<br>mạng di động: Hỗ trợ 4G<br>sim: 2 Nano SIM"
Masstel S9 6GB/256GB,https://www.thegioididong.com/dtdd/masstel-s9,"hệ điều hành: Android 14<br>chip xử lý (cpu): Unisoc T606<br>ram: 6 GB<br>dung lượng lưu trữ: 256 GB<br>độ phân giải camera sau: Chính 50 MP & Phụ 2 MP, CIF<br>độ phân giải camera trước: 8 MP<br>công nghệ màn hình: IPS LCD<br>độ phân giải màn hình: HD+ (720 x 1600 Pixels)<br>màn hình rộng: 6.67"" - Tần số quét 120 Hz<br>dung lượng pin: 5000 mAh<br>hỗ trợ sạc tối đa: 18 W<br>mạng di động: Hỗ trợ 4G<br>sim: 2 Nano SIM<br>hãng: Masstel"
iPhone 16 Plus 128GB,https://www.thegioididong.com/dtdd/iphone-16-plus,"hệ điều hành: iOS 18<br>chip xử lý (cpu): Apple A18 6 nhân<br>ram: 8 GB<br>dung lượng lưu trữ: 128 GB<br>độ phân giải camera sau: Chính 48 MP & Phụ 12 MP<br>độ phân giải camera trước: 12 MP<br>công nghệ màn hình: OLED<br>độ phân giải màn hình: Super Retina XDR (1290 x 2796 Pixels)<br>màn hình rộng: 6.7"" - Tần số quét 60 Hz<br>dung lượng pin: 27 giờ<br>hỗ trợ sạc tối đa: 20 W<br>mạng di động: Hỗ trợ 5G<br>sim: 1 Nano SIM & 1 eSIM<br>hãng: iPhone (Apple)"
iPhone 16 128GB,https://www.thegioididong.com/dtdd/iphone-16,"hệ điều hành: iOS 18<br>chip xử lý (cpu): Apple A18 6 nhân<br>ram: 8 GB<br>dung lượng lưu trữ: 128 GB<br>độ phân giải camera sau: Chính 48 MP & Phụ 12 MP<br>độ phân giải camera trước: 12 MP<br>công nghệ màn hình: OLED<br>độ phân giải màn hình: Super Retina XDR (1179 x 2556 Pixels)<br>màn hình rộng: 6.1"" - Tần số quét 60 Hz<br>dung lượng pin: 22 giờ<br>hỗ trợ sạc tối đa: 20 W<br>mạng di động: Hỗ trợ 5G<br>sim: 1 Nano SIM & 1 eSIM<br>hãng: iPhone (Apple)"
Samsung Galaxy A06 5G 6GB/128GB,https://www.thegioididong.com/dtdd/samsung-galaxy-a06-5g-6gb-128gb,"hệ điều hành: Android 15<br>chip xử lý (cpu): MediaTek Dimensity 6300 5G 8 nhân<br>ram: 6 GB<br>dung lượng lưu trữ: 128 GB<br>độ phân giải camera sau: Chính 50 MP & Phụ 2 MP<br>độ phân giải camera trước: 8 MP<br>công nghệ màn hình: PLS LCD<br>độ phân giải màn hình: HD+ (720 x 1600 Pixels)<br>màn hình rộng: 6.7"" - Tần số quét 90 Hz<br>dung lượng pin: 5000 mAh<br>hỗ trợ sạc tối đa: 25 W<br>mạng di động: Hỗ trợ 5G<br>sim: 2 Nano SIM (SIM 2 chung khe thẻ nhớ)<br>hãng: Samsung"
Samsung Galaxy A36 5G 12GB/256GB,https://www.thegioididong.com/dtdd/samsung-galaxy-a36?utm_flashsale=1,"hệ điều hành: Android 15<br>chip xử lý (cpu): Snapdragon 6 Gen 3 8 nhân<br>ram: 12 GB<br>dung lượng lưu trữ: 256 GB<br>độ phân giải camera sau: Chính 50 MP & Phụ 8 MP, 5 MP<br>độ phân giải camera trước: 12 MP<br>công nghệ màn hình: Super AMOLED<br>độ phân giải màn hình: Full HD+ (1080 x 2340 Pixels)<br>màn hình rộng: 6.7"" - Tần số quét 120 Hz<br>dung lượng pin: 5000 mAh<br>hỗ trợ sạc tối đa: 45 W<br>mạng di động: Hỗ trợ 5G<br>sim: 2 Nano SIM hoặc 2 eSIM hoặc 1 Nano SIM + 1 eSIM<br>hãng: Samsung"
OPPO A5x 4GB/64GB,https://www.thegioididong.com/dtdd/oppo-a5x-4gb-64gb,"hệ điều hành: Android 15<br>chip xử lý (cpu): Snapdragon 6s Gen 1 8 nhân<br>ram: 4 GB<br>dung lượng lưu trữ: 64 GB<br>độ phân giải camera sau: Chính 32 MP & Phụ cảm biến IR<br>độ phân giải camera trước: 5 MP<br>công nghệ màn hình: IPS LCD<br>độ phân giải màn hình: HD+ (720 x 1604 Pixels)<br>màn hình rộng: 6.67"" - Tần số quét 90 Hz<br>dung lượng pin: 6000 mAh<br>hỗ trợ sạc tối đa: 45 W<br>mạng di động: Hỗ trợ 4G<br>sim: 2 Nano SIM (SIM 2 chung khe thẻ nhớ)<br>hãng: OPPO"
OPPO A5 Pro 8GB/256GB,https://www.thegioididong.com/dtdd/oppo-a5-pro,"hệ điều hành: Android 15<br>chip xử lý (cpu): Snapdragon 6s Gen 1 8 nhân<br>ram: 8 GB<br>dung lượng lưu trữ: 256 GB<br>độ phân giải camera sau: Chính 50 MP & Phụ 2 MP<br>độ phân giải camera trước: 8 MP<br>công nghệ màn hình: IPS LCD<br>độ phân giải màn hình: HD+ (720 x 1604 Pixels)<br>màn hình rộng: 6.67"" - Tần số quét 90 Hz<br>dung lượng pin: 5800 mAh<br>hỗ trợ sạc tối đa: 45 W<br>mạng di động: Hỗ trợ 4G<br>sim: 2 Nano SIM<br>hãng: OPPO"
Xiaomi Redmi 13x 6GB/128GB,https://www.thegioididong.com/dtdd/xiaomi-redmi-13x-6gb-128gb?utm_flashsale=1,"hệ điều hành: Xiaomi HyperOS (Android 14)<br>chip xử lý (cpu): MediaTek Helio G91 Ultra 8 nhân<br>ram: 6 GB<br>dung lượng lưu trữ: 128 GB<br>độ phân giải camera sau: Chính 108 MP & Phụ 2 MP<br>độ phân giải camera trước: 13 MP<br>công nghệ màn hình: IPS LCD<br>độ phân giải màn hình: Full HD+ (1080 x 2460 Pixels)<br>màn hình rộng: 6.79"" - Tần số quét 90 Hz<br>dung lượng pin: 5030 mAh<br>hỗ trợ sạc tối đa: 33 W<br>mạng di động: Hỗ trợ 4G<br>sim: 2 Nano SIM (SIM 2 chung khe thẻ nhớ)<br>hãng: Xiaomi"
vivo Y19s Pro 8GB/128GB,https://www.thegioididong.com/dtdd/vivo-y19s-pro-8gb,"màn hình: IPS LCD
6.68 ""
HD+<br>hệ điều hành: Android 15<br>camera sau: Chính 50 MP & Phụ 0.08 MP<br>camera trước: 5 MP<br>chip: Unisoc Tiger T612<br>ram: 8 GB<br>dung lượng lưu trữ: 128 GB<br>sim: 2 Nano SIM
Hỗ trợ 4G<br>pin, sạc: 6000 mAh
44 W<br>hãng: vivo"
vivo Y29 8GB/128GB,https://www.thegioididong.com/dtdd/vivo-y29-8gb-128gb,"hệ điều hành: Android 15<br>chip xử lý (cpu): Snapdragon 685 8 nhân<br>ram: 8 GB<br>dung lượng lưu trữ: 128 GB<br>độ phân giải camera sau: Chính 50 MP & Phụ 2 MP<br>độ phân giải camera trước: 8 MP<br>công nghệ màn hình: IPS LCD<br>độ phân giải màn hình: HD+ (720 x 1608 Pixels)<br>màn hình rộng: 6.68 "" - Tần số quét 120 Hz<br>dung lượng pin: 6500 mAh<br>hỗ trợ sạc tối đa: 44 W<br>mạng di động: Hỗ trợ 4G<br>sim: 2 Nano SIM<br>hãng: vivo"
realme C71 4GB/128GB,https://www.thegioididong.com/dtdd/realme-c71,"hệ điều hành: Android 15<br>chip xử lý (cpu): Unisoc T7250 8 nhân<br>ram: 4 GB<br>dung lượng lưu trữ: 128 GB<br>độ phân giải camera sau: Chính 50 MP & Cảm biến Flicker<br>độ phân giải camera trước: 5 MP<br>công nghệ màn hình: TFT LCD<br>độ phân giải màn hình: HD+ (720 x 1604 Pixels)<br>màn hình rộng: 6.67"" - Tần số quét 120 Hz<br>dung lượng pin: 6300 mAh<br>hỗ trợ sạc tối đa: 45 W<br>mạng di động: Hỗ trợ 4G<br>sim: 2 Nano SIM<br>hãng: realme"
HONOR 400 Lite 12GB/256GB,https://www.thegioididong.com/dtdd/honor-400-lite,"màn hình: AMOLED
6.7""
1.5K<br>hệ điều hành: Android 15<br>camera sau: Chính 200 MP & Phụ 50 MP, 12 MP<br>camera trước: 50 MP<br>chip: Snapdragon 8 Gen 3 8 nhân<br>ram: 12 GB<br>dung lượng lưu trữ: 512 GB<br>sim: 2 Nano SIM
Hỗ trợ 5G<br>pin, sạc: 6000 mAh
100 W<br>hãng: HONOR"
Samsung Galaxy S25 Ultra 5G 12GB/256GB,https://www.thegioididong.com/dtdd/samsung-galaxy-s25-ultra,"hệ điều hành: Android 15<br>chip xử lý (cpu): Qualcomm Snapdragon 8 Elite For Galaxy 8 nhân<br>ram: 12 GB<br>dung lượng lưu trữ: 256 GB<br>độ phân giải camera sau: Chính 200 MP & Phụ 50 MP, 50 MP, 10 MP<br>độ phân giải camera trước: 12 MP<br>công nghệ màn hình: Dynamic AMOLED 2X<br>độ phân giải màn hình: 2K+ (1440 x 3120 Pixels)<br>màn hình rộng: 6.9"" - Tần số quét 120 Hz<br>dung lượng pin: 5000 mAh<br>hỗ trợ sạc tối đa: 45 W<br>mạng di động: Hỗ trợ 5G<br>sim: 2 Nano SIM hoặc 2 eSIM hoặc 1 Nano SIM + 1 eSIM<br>hãng: Samsung"
iPhone 16e 128GB,https://www.thegioididong.com/dtdd/iphone-16e,"hệ điều hành: iOS 18<br>chip xử lý (cpu): Apple A18 6 nhân<br>ram: 8 GB<br>dung lượng lưu trữ: 128 GB<br>độ phân giải camera sau: 48 MP<br>độ phân giải camera trước: 12 MP<br>công nghệ màn hình: OLED<br>độ phân giải màn hình: Super Retina XDR (1170 x 2532 Pixels)<br>màn hình rộng: 6.1"" - Tần số quét 60 Hz<br>dung lượng pin: 26 giờ<br>hỗ trợ sạc tối đa: 20 W<br>mạng di động: Hỗ trợ 5G<br>sim: 1 Nano SIM & 1 eSIM<br>hãng: iPhone (Apple)"
iPhone 15 128GB,https://www.thegioididong.com/dtdd/iphone-15,"hệ điều hành: iOS 17<br>chip xử lý (cpu): Apple A16 Bionic<br>ram: 6 GB<br>dung lượng lưu trữ: 128 GB<br>độ phân giải camera sau: Chính 48 MP & Phụ 12 MP<br>độ phân giải camera trước: 12 MP<br>công nghệ màn hình: OLED<br>độ phân giải màn hình: Super Retina XDR (1179 x 2556 Pixels)<br>màn hình rộng: 6.1"" - Tần số quét 60 Hz<br>dung lượng pin: 3349 mAh<br>hỗ trợ sạc tối đa: 20 W<br>mạng di động: Hỗ trợ 5G<br>sim: 1 Nano SIM & 1 eSIM<br>hãng: iPhone (Apple)"
Samsung Galaxy Z Fold6 5G 12GB/256GB,https://www.thegioididong.com/dtdd/samsung-galaxy-z-fold6,"hệ điều hành: Android 14<br>chip xử lý (cpu): Snapdragon 8 Gen 3 for Galaxy<br>ram: 12 GB<br>dung lượng lưu trữ: 256 GB<br>độ phân giải camera sau: Chính 50 MP & Phụ 12 MP, 10 MP<br>độ phân giải camera trước: 10 MP & 4 MP<br>công nghệ màn hình: Dynamic AMOLED 2X<br>độ phân giải màn hình: Chính: QXGA+ (1856 x 2160 Pixels) & Phụ: HD+ (968 x 2376 Pixels)<br>màn hình rộng: Chính 7.6"" & Phụ 6.3"" - Tần số quét 120 Hz<br>dung lượng pin: 4400 mAh<br>hỗ trợ sạc tối đa: 25 W<br>mạng di động: Hỗ trợ 5G<br>sim: 2 Nano SIM hoặc 2 eSIM hoặc 1 Nano SIM + 1 eSIM<br>hãng: Samsung"
Samsung Galaxy A26 5G 6GB/128GB,https://www.thegioididong.com/dtdd/samsung-galaxy-a26-6gb-128gb?utm_flashsale=1,"hệ điều hành: Android 15<br>chip xử lý (cpu): Exynos 1380 8 nhân<br>ram: 6 GB<br>dung lượng lưu trữ: 128 GB<br>độ phân giải camera sau: Chính 50 MP & Phụ 8 MP, 2 MP<br>độ phân giải camera trước: 13 MP<br>công nghệ màn hình: Super AMOLED<br>độ phân giải màn hình: Full HD+ (1080 x 2340 Pixels)<br>màn hình rộng: 6.7"" - Tần số quét 120 Hz<br>dung lượng pin: 5000 mAh<br>hỗ trợ sạc tối đa: 25 W<br>mạng di động: Hỗ trợ 5G<br>sim: 2 Nano SIM (SIM 2 chung khe thẻ nhớ)<br>hãng: Samsung"
OPPO Reno13 F 5G 8GB/256GB,https://www.thegioididong.com/dtdd/oppo-reno13-f-5g?utm_flashsale=1,"hệ điều hành: Android 15<br>chip xử lý (cpu): Snapdragon 6 Gen 1 5G 8 nhân<br>ram: 8 GB<br>dung lượng lưu trữ: 256 GB<br>độ phân giải camera sau: Chính 50 MP & Phụ 8 MP, 2 MP<br>độ phân giải camera trước: 32 MP<br>công nghệ màn hình: AMOLED<br>độ phân giải màn hình: Full HD+ (1080 x 2400 Pixels)<br>màn hình rộng: 6.67"" - Tần số quét 120 Hz<br>dung lượng pin: 5800 mAh<br>hỗ trợ sạc tối đa: 45 W<br>mạng di động: Hỗ trợ 5G<br>sim: 2 Nano SIM<br>hãng: OPPO"
Xiaomi 15 5G 12GB/512GB,https://www.thegioididong.com/dtdd/xiaomi-15,"hệ điều hành: Xiaomi HyperOS 2<br>chip xử lý (cpu): Qualcomm Snapdragon 8 Elite 8 nhân<br>ram: 12 GB<br>dung lượng lưu trữ: 512 GB<br>độ phân giải camera sau: 3 camera 50 MP<br>độ phân giải camera trước: 32 MP<br>công nghệ màn hình: AMOLED<br>độ phân giải màn hình: 1.5K (1200 x 2670 Pixels)<br>màn hình rộng: 6.36"" - Tần số quét 120 Hz<br>dung lượng pin: 5240 mAh<br>hỗ trợ sạc tối đa: 90 W<br>mạng di động: Hỗ trợ 5G<br>sim: 2 Nano SIM hoặc 2 eSIM hoặc 1 Nano SIM + 1 eSIM<br>hãng: Xiaomi"
OPPO Reno13 5G 12GB/256GB,https://www.thegioididong.com/dtdd/oppo-reno13-5g?utm_flashsale=1,"hệ điều hành: Android 15<br>chip xử lý (cpu): MediaTek Dimensity 8350 5G 8 nhân<br>ram: 12 GB<br>dung lượng lưu trữ: 256 GB<br>độ phân giải camera sau: Chính 50 MP & Phụ 8 MP, 2 MP<br>độ phân giải camera trước: 50 MP<br>công nghệ màn hình: AMOLED<br>độ phân giải màn hình: 1.5K (1256 x 2760 Pixles)<br>màn hình rộng: 6.59"" - Tần số quét 120 Hz<br>dung lượng pin: 5600 mAh<br>hỗ trợ sạc tối đa: 80 W<br>mạng di động: Hỗ trợ 5G<br>sim: 2 Nano SIM<br>hãng: OPPO"
Xiaomi 15 Ultra 5G 16GB/512GB Trắng,https://www.thegioididong.com/dtdd/xiaomi-15-ultra-trang,"hệ điều hành: Xiaomi HyperOS 2<br>chip xử lý (cpu): Qualcomm Snapdragon 8 Elite 8 nhân<br>ram: 16 GB<br>dung lượng lưu trữ: 512 GB<br>độ phân giải camera sau: Chính 50 MP & Phụ 200 MP, 50 MP, 50 MP<br>độ phân giải camera trước: 32 MP<br>công nghệ màn hình: AMOLED<br>độ phân giải màn hình: 2K+ (1440 x 3200 Pixels)<br>màn hình rộng: 6.73"" - Tần số quét 120 Hz<br>dung lượng pin: 5410 mAh<br>hỗ trợ sạc tối đa: 90 W<br>mạng di động: Hỗ trợ 5G<br>sim: 2 Nano SIM hoặc 2 eSIM hoặc 1 Nano SIM + 1 eSIM<br>hãng: Xiaomi"
realme 14 5G 12GB/256GB,https://www.thegioididong.com/dtdd/realme-14-5g,"hệ điều hành: Android 15<br>chip xử lý (cpu): Snapdragon 6 Gen 4 5G 8 nhân<br>ram: 12 GB<br>dung lượng lưu trữ: 256 GB<br>độ phân giải camera sau: Chính 50 MP & Phụ 2 MP<br>độ phân giải camera trước: 16 MP<br>công nghệ màn hình: AMOLED<br>độ phân giải màn hình: Full HD+ (1080 x 2400 Pixels)<br>màn hình rộng: 6.67"" - Tần số quét 120 Hz<br>dung lượng pin: 6000 mAh<br>hỗ trợ sạc tối đa: 45 W<br>mạng di động: Hỗ trợ 5G<br>sim: 2 Nano SIM (SIM 2 chung khe thẻ nhớ)<br>hãng: realme"
HONOR X8c 8GB/256GB,https://www.thegioididong.com/dtdd/honor-x8c,"hệ điều hành: Android 15<br>chip xử lý (cpu): Snapdragon 685 8 nhân<br>ram: 8 GB<br>dung lượng lưu trữ: 256 GB<br>độ phân giải camera sau: Chính 108 MP & Phụ 5 MP<br>độ phân giải camera trước: 50 MP<br>công nghệ màn hình: AMOLED<br>độ phân giải màn hình: Full HD+ (1080 x 2412 Pixels)<br>màn hình rộng: 6.7"" - Tần số quét 120 Hz<br>dung lượng pin: 5000 mAh<br>hỗ trợ sạc tối đa: 35 W<br>mạng di động: Hỗ trợ 4G<br>sim: 2 Nano SIM<br>hãng: HONOR"
iPhone 15 Plus 128GB,https://www.thegioididong.com/dtdd/iphone-15-plus,"hệ điều hành: iOS 17<br>chip xử lý (cpu): Apple A16 Bionic<br>ram: 6 GB<br>dung lượng lưu trữ: 128 GB<br>độ phân giải camera sau: Chính 48 MP & Phụ 12 MP<br>độ phân giải camera trước: 12 MP<br>công nghệ màn hình: OLED<br>độ phân giải màn hình: Super Retina XDR (1290 x 2796 Pixels)<br>màn hình rộng: 6.7"" - Tần số quét 60 Hz<br>dung lượng pin: 4383 mAh<br>hỗ trợ sạc tối đa: 20 W<br>mạng di động: Hỗ trợ 5G<br>sim: 1 Nano SIM & 1 eSIM<br>hãng: iPhone (Apple)"
iPhone 13 128GB,https://www.thegioididong.com/dtdd/iphone-13,"hệ điều hành: iOS 17<br>chip xử lý (cpu): Apple A15 Bionic<br>ram: 4 GB<br>dung lượng lưu trữ: 128 GB<br>độ phân giải camera sau: 2 camera 12 MP<br>độ phân giải camera trước: 12 MP<br>công nghệ màn hình: OLED<br>độ phân giải màn hình: Super Retina XDR (1170 x 2532 Pixels)<br>màn hình rộng: 6.1"" - Tần số quét 60 Hz<br>dung lượng pin: 3240 mAh<br>hỗ trợ sạc tối đa: 20 W<br>mạng di động: Hỗ trợ 5G<br>sim: 1 Nano SIM & 1 eSIM<br>hãng: iPhone (Apple)"
Samsung Galaxy S24 FE 5G 8GB/256GB,https://www.thegioididong.com/dtdd/samsung-galaxy-s24-fe-8gb-256gb,"hệ điều hành: Android 14<br>chip xử lý (cpu): Exynos 2400e 8 nhân<br>ram: 8 GB<br>dung lượng lưu trữ: 256 GB<br>độ phân giải camera sau: Chính 50 MP & Phụ 12 MP, 8 MP<br>độ phân giải camera trước: 10 MP<br>công nghệ màn hình: Dynamic AMOLED 2X<br>độ phân giải màn hình: Full HD+ (1080 x 2340 Pixels)<br>màn hình rộng: 6.7"" - Tần số quét 120 Hz<br>dung lượng pin: 4700 mAh<br>hỗ trợ sạc tối đa: 25 W<br>mạng di động: Hỗ trợ 5G<br>sim: 2 Nano SIM hoặc 1 Nano SIM + 1 eSIM<br>hãng: Samsung"
Samsung Galaxy S24 5G 8GB/256GB,https://www.thegioididong.com/dtdd/samsung-galaxy-s24-256gb-5g,"hệ điều hành: Android 14<br>chip xử lý (cpu): Exynos 2400 8 nhân<br>ram: 8 GB<br>dung lượng lưu trữ: 256 GB<br>độ phân giải camera sau: Chính 50 MP & Phụ 12 MP, 10 MP<br>độ phân giải camera trước: 12 MP<br>công nghệ màn hình: Dynamic AMOLED 2X<br>độ phân giải màn hình: Full HD+ (1080 x 2340 Pixels)<br>màn hình rộng: 6.2"" - Tần số quét 120 Hz<br>dung lượng pin: 4000 mAh<br>hỗ trợ sạc tối đa: 25 W<br>mạng di động: Hỗ trợ 5G<br>sim: 2 Nano SIM hoặc 2 eSIM hoặc 1 Nano SIM + 1 eSIM<br>hãng: Samsung"
OPPO A3x 4GB/64GB,https://www.thegioididong.com/dtdd/oppo-a3x-4gb-64gb,"hệ điều hành: Android 14<br>chip xử lý (cpu): Snapdragon 6s Gen 1 8 nhân<br>ram: 4 GB<br>dung lượng lưu trữ: 64 GB<br>độ phân giải camera sau: Chính 8 MP & Cảm biến Flicker<br>độ phân giải camera trước: 5 MP<br>công nghệ màn hình: IPS LCD<br>độ phân giải màn hình: HD+ (720 x 1604 Pixels)<br>màn hình rộng: 6.67"" - Tần số quét 90 Hz<br>dung lượng pin: 5100 mAh<br>hỗ trợ sạc tối đa: 45 W<br>mạng di động: Hỗ trợ 4G<br>sim: 2 Nano SIM<br>hãng: OPPO"
Xiaomi 14T 5G 12GB/256GB,https://www.thegioididong.com/dtdd/xiaomi-14t-5g,"hệ điều hành: Xiaomi HyperOS (Android 14)<br>chip xử lý (cpu): MediaTek Dimensity 8300 Ultra 8 nhân<br>ram: 12 GB<br>dung lượng lưu trữ: 256 GB<br>độ phân giải camera sau: Chính 50 MP & Phụ 50 MP, 12 MP<br>độ phân giải camera trước: 32 MP<br>công nghệ màn hình: AMOLED<br>độ phân giải màn hình: 1.5K (1220 x 2712 Pixels)<br>màn hình rộng: 6.67"" - Tần số quét 144 Hz<br>dung lượng pin: 5000 mAh<br>hỗ trợ sạc tối đa: 67 W<br>mạng di động: Hỗ trợ 5G<br>sim: 2 Nano SIM hoặc 1 Nano SIM + 1 eSIM<br>hãng: Xiaomi"
Xiaomi 14T Pro 5G 12GB/256GB,https://www.thegioididong.com/dtdd/xiaomi-14t-pro-5g-12gb-256gb,"hệ điều hành: Xiaomi HyperOS (Android 14)<br>chip xử lý (cpu): MediaTek Dimensity 9300+ 8 nhân<br>ram: 12 GB<br>dung lượng lưu trữ: 256 GB<br>độ phân giải camera sau: Chính 50 MP & Phụ 50 MP, 12 MP<br>độ phân giải camera trước: 32 MP<br>công nghệ màn hình: AMOLED<br>độ phân giải màn hình: 1.5K (1220 x 2712 Pixels)<br>màn hình rộng: 6.67"" - Tần số quét 144 Hz<br>dung lượng pin: 5000 mAh<br>hỗ trợ sạc tối đa: 120 W<br>mạng di động: Hỗ trợ 5G<br>sim: 2 Nano SIM hoặc 1 Nano SIM + 1 eSIM<br>hãng: Xiaomi"
OPPO Find N5 5G 16GB/512GB,https://www.thegioididong.com/dtdd/oppo-find-n5,"hệ điều hành: Android 15<br>chip xử lý (cpu): Qualcomm Snapdragon 8 Elite 8 nhân<br>ram: 16 GB<br>dung lượng lưu trữ: 512 GB<br>độ phân giải camera sau: Chính 50 MP & Phụ 50 MP, 8 MP<br>độ phân giải camera trước: 8 MP<br>công nghệ màn hình: LTPO AMOLED<br>độ phân giải màn hình: Chính: QXGA+ (2248 x 2480 Pixels) & Phụ: FHD+ (1140x 2616 Pixels)<br>màn hình rộng: Chính 8.12"" & Phụ 6.62"" - Tần số quét 120 Hz<br>dung lượng pin: 5600 mAh<br>hỗ trợ sạc tối đa: 80 W<br>mạng di động: Hỗ trợ 5G<br>sim: 2 Nano SIM hoặc 1 Nano SIM + 1 eSIM<br>hãng: OPPO"
Tecno Spark GO 1 3GB/64GB,https://www.thegioididong.com/dtdd/tecno-spark-go-1,"hệ điều hành: Android 14 Go<br>chip xử lý (cpu): Unisoc T615 8 nhân<br>ram: 3 GB<br>dung lượng lưu trữ: 64 GB<br>độ phân giải camera sau: Chính 13 MP & Phụ AI<br>độ phân giải camera trước: 8 MP<br>công nghệ màn hình: IPS LCD<br>độ phân giải màn hình: HD+ (720 x 1600 Pixels)<br>màn hình rộng: 6.67"" - Tần số quét 120 Hz<br>dung lượng pin: 5000 mAh<br>hỗ trợ sạc tối đa: 15 W<br>mạng di động: Hỗ trợ 4G<br>sim: 2 Nano SIM"
realme C75x 8GB/128GB,https://www.thegioididong.com/dtdd/realme-c75x,"hệ điều hành: Android 15<br>chip xử lý (cpu): MediaTek Helio G81-Ultra 8 nhân<br>ram: 8 GB<br>dung lượng lưu trữ: 128 GB<br>độ phân giải camera sau: Chính 50 MP & Cảm biến Flicker<br>độ phân giải camera trước: 5 MP<br>công nghệ màn hình: IPS LCD<br>độ phân giải màn hình: HD+ (720 x 1604 Pixels)<br>màn hình rộng: 6.67"" - Tần số quét 120 Hz<br>dung lượng pin: 5600 mAh<br>hỗ trợ sạc tối đa: 45 W<br>mạng di động: Hỗ trợ 4G<br>sim: 2 Nano SIM<br>hãng: realme"
vivo Y19s 6GB/128GB,https://www.thegioididong.com/dtdd/vivo-y19s-6gb-128gb,"hệ điều hành: Android 14<br>chip xử lý (cpu): Unisoc Tiger T612<br>ram: 6 GB<br>dung lượng lưu trữ: 128 GB<br>độ phân giải camera sau: Chính 50 MP & Phụ 0.08 MP<br>độ phân giải camera trước: 5 MP<br>công nghệ màn hình: IPS LCD<br>độ phân giải màn hình: HD+ (720 x 1608 Pixels)<br>màn hình rộng: 6.68 "" - Tần số quét 90 Hz<br>dung lượng pin: 5500 mAh<br>hỗ trợ sạc tối đa: 15 W<br>mạng di động: Hỗ trợ 4G<br>sim: 2 Nano SIM<br>hãng: vivo"
HONOR X9c Smart 5G 12GB/256GB,https://www.thegioididong.com/dtdd/honor-x9c-smart,"hệ điều hành: Android 14<br>chip xử lý (cpu): MediaTek Dimensity 7025-Ultra 5G 8 nhân<br>ram: 12 GB<br>dung lượng lưu trữ: 256 GB<br>độ phân giải camera sau: Chính 108 MP & Phụ 5 MP<br>độ phân giải camera trước: 16 MP<br>công nghệ màn hình: TFT LCD<br>độ phân giải màn hình: Full HD+ (1080 x 2412 Pixels)<br>màn hình rộng: 6.8"" - Tần số quét 120 Hz<br>dung lượng pin: 5800 mAh<br>hỗ trợ sạc tối đa: 35 W<br>mạng di động: Hỗ trợ 5G<br>sim: 2 Nano SIM<br>hãng: HONOR"
HONOR X6b 6GB/128GB Tím,https://www.thegioididong.com/dtdd/honor-x6b-6gb-128gb,"hệ điều hành: Android 14<br>chip xử lý (cpu): MediaTek Helio G85<br>ram: 6 GB<br>dung lượng lưu trữ: 128 GB<br>độ phân giải camera sau: Chính 50 MP & Phụ 2 MP<br>độ phân giải camera trước: 5 MP<br>công nghệ màn hình: TFT LCD<br>độ phân giải màn hình: HD+ (720 x 1612 Pixels)<br>màn hình rộng: 6.56"" - Tần số quét 90 Hz<br>dung lượng pin: 5200 mAh<br>hỗ trợ sạc tối đa: 35 W<br>mạng di động: Hỗ trợ 4G<br>sim: 2 Nano SIM<br>hãng: HONOR"
iPhone 14 128GB,https://www.thegioididong.com/dtdd/iphone-14,"hệ điều hành: iOS 17<br>chip xử lý (cpu): Apple A15 Bionic<br>ram: 6 GB<br>dung lượng lưu trữ: 128 GB<br>độ phân giải camera sau: 2 camera 12 MP<br>độ phân giải camera trước: 12 MP<br>công nghệ màn hình: OLED<br>độ phân giải màn hình: Super Retina XDR (1170 x 2532 Pixels)<br>màn hình rộng: 6.1"" - Tần số quét 60 Hz<br>dung lượng pin: 3279 mAh<br>hỗ trợ sạc tối đa: 20 W<br>mạng di động: Hỗ trợ 5G<br>sim: 1 Nano SIM & 1 eSIM<br>hãng: iPhone (Apple)"
iPhone 15 Pro Max 256GB,https://www.thegioididong.com/dtdd/iphone-15-pro-max,"hệ điều hành: iOS 17<br>chip xử lý (cpu): Apple A17 Pro 6 nhân<br>ram: 8 GB<br>dung lượng lưu trữ: 256 GB<br>độ phân giải camera sau: Chính 48 MP & Phụ 12 MP, 12 MP<br>độ phân giải camera trước: 12 MP<br>công nghệ màn hình: OLED<br>độ phân giải màn hình: Super Retina XDR (1290 x 2796 Pixels)<br>màn hình rộng: 6.7"" - Tần số quét 120 Hz<br>dung lượng pin: 4422 mAh<br>hỗ trợ sạc tối đa: 20 W<br>mạng di động: Hỗ trợ 5G<br>sim: 1 Nano SIM & 1 eSIM<br>hãng: iPhone (Apple)"
Samsung Galaxy A56 5G 12GB/256GB,https://www.thegioididong.com/dtdd/samsung-galaxy-a56?utm_flashsale=1,"hệ điều hành: Android 15<br>chip xử lý (cpu): Exynos 1580 8 nhân<br>ram: 12 GB<br>dung lượng lưu trữ: 256 GB<br>độ phân giải camera sau: Chính 50 MP & Phụ 12 MP, 5 MP<br>độ phân giải camera trước: 12 MP<br>công nghệ màn hình: Super AMOLED<br>độ phân giải màn hình: Full HD+ (1080 x 2340 Pixels)<br>màn hình rộng: 6.7"" - Tần số quét 120 Hz<br>dung lượng pin: 5000 mAh<br>hỗ trợ sạc tối đa: 45 W<br>mạng di động: Hỗ trợ 5G<br>sim: 2 Nano SIM hoặc 2 eSIM hoặc 1 Nano SIM + 1 eSIM<br>hãng: Samsung"
Xiaomi Redmi A3 3GB/64GB,https://www.thegioididong.com/dtdd/xiaomi-redmi-a3?utm_flashsale=1,"hệ điều hành: Android 14<br>chip xử lý (cpu): MediaTek Helio G36 8 nhân<br>ram: 3 GB<br>dung lượng lưu trữ: 64 GB<br>độ phân giải camera sau: Chính 8 MP & Phụ 0.08 MP<br>độ phân giải camera trước: 5 MP<br>công nghệ màn hình: IPS LCD<br>độ phân giải màn hình: HD+ (720 x 1650 Pixels)<br>màn hình rộng: 6.71"" - Tần số quét 90 Hz<br>dung lượng pin: 5000 mAh<br>hỗ trợ sạc tối đa: 10 W<br>mạng di động: Hỗ trợ 4G<br>sim: 2 Nano SIM<br>hãng: Xiaomi"
OPPO A3 8GB/128GB,https://www.thegioididong.com/dtdd/oppo-a3-8gb-128gb,"hệ điều hành: Android 14<br>chip xử lý (cpu): Snapdragon 6s Gen 1 8 nhân<br>ram: 8 GB<br>dung lượng lưu trữ: 128 GB<br>độ phân giải camera sau: Chính 50 MP & Cảm biến Flicker<br>độ phân giải camera trước: 5 MP<br>công nghệ màn hình: IPS LCD<br>độ phân giải màn hình: HD+ (720 x 1604 Pixels)<br>màn hình rộng: 6.67"" - Tần số quét 90 Hz<br>dung lượng pin: 5100 mAh<br>hỗ trợ sạc tối đa: 45 W<br>mạng di động: Hỗ trợ 4G<br>sim: 2 Nano SIM<br>hãng: OPPO"
Samsung Galaxy S25 5G 12GB/256GB,https://www.thegioididong.com/dtdd/samsung-galaxy-s25,"hệ điều hành: Android 15<br>chip xử lý (cpu): Qualcomm Snapdragon 8 Elite For Galaxy 8 nhân<br>ram: 12 GB<br>dung lượng lưu trữ: 256 GB<br>độ phân giải camera sau: Chính 50 MP & Phụ 12 MP, 10 MP<br>độ phân giải camera trước: 12 MP<br>công nghệ màn hình: Dynamic AMOLED 2X<br>độ phân giải màn hình: Full HD+ (1080 x 2340 Pixels)<br>màn hình rộng: 6.2"" - Tần số quét 120 Hz<br>dung lượng pin: 4000 mAh<br>hỗ trợ sạc tối đa: 25 W<br>mạng di động: Hỗ trợ 5G<br>sim: 2 Nano SIM hoặc 2 eSIM hoặc 1 Nano SIM + 1 eSIM<br>hãng: Samsung"
Xiaomi Redmi 13 6GB/128GB,https://www.thegioididong.com/dtdd/xiaomi-redmi-13-6gb-128gb,"hệ điều hành: Android 14<br>chip xử lý (cpu): MediaTek Helio G91 Ultra 8 nhân<br>ram: 6 GB<br>dung lượng lưu trữ: 128 GB<br>độ phân giải camera sau: Chính 108 MP & Phụ 2 MP<br>độ phân giải camera trước: 13 MP<br>công nghệ màn hình: IPS LCD<br>độ phân giải màn hình: Full HD+ (1080 x 2460 Pixels)<br>màn hình rộng: 6.79"" - Tần số quét 90 Hz<br>dung lượng pin: 5030 mAh<br>hỗ trợ sạc tối đa: 33 W<br>mạng di động: Hỗ trợ 4G<br>sim: 2 Nano SIM<br>hãng: Xiaomi"
HONOR X8b 8GB/512GB,https://www.thegioididong.com/dtdd/honor-x8b?utm_flashsale=1,"hệ điều hành: Android 13<br>chip xử lý (cpu): Snapdragon 680<br>ram: 8 GB<br>dung lượng lưu trữ: 512 GB<br>độ phân giải camera sau: Chính 108 MP & Phụ 5 MP, 2 MP<br>độ phân giải camera trước: 50 MP<br>công nghệ màn hình: AMOLED<br>độ phân giải màn hình: Full HD+ (1080 x 2412 Pixels)<br>màn hình rộng: 6.7"" - Tần số quét 90 Hz<br>dung lượng pin: 4500 mAh<br>hỗ trợ sạc tối đa: 35 W<br>mạng di động: Hỗ trợ 4G<br>sim: 2 Nano SIM<br>hãng: HONOR"
OPPO A60 8GB/128GB,https://www.thegioididong.com/dtdd/oppo-a60-128gb,"hệ điều hành: Android 14<br>chip xử lý (cpu): Snapdragon 680<br>ram: 8 GB<br>dung lượng lưu trữ: 128 GB<br>độ phân giải camera sau: Chính 50 MP & Phụ 2 MP<br>độ phân giải camera trước: 8 MP<br>công nghệ màn hình: IPS LCD<br>độ phân giải màn hình: HD+ (720 x 1604 Pixels)<br>màn hình rộng: 6.67"" - Tần số quét 90 Hz<br>dung lượng pin: 5000 mAh<br>hỗ trợ sạc tối đa: 45 W<br>mạng di động: Hỗ trợ 4G<br>sim: 2 Nano SIM<br>hãng: OPPO"
Xiaomi Redmi 14C 6GB/128GB,https://www.thegioididong.com/dtdd/xiaomi-redmi-14c-6gb-128gb,"hệ điều hành: Android 14<br>chip xử lý (cpu): MediaTek Helio G81-Ultra 8 nhân<br>ram: 6 GB<br>dung lượng lưu trữ: 128 GB<br>độ phân giải camera sau: Chính 50 MP & Phụ QVGA<br>độ phân giải camera trước: 13 MP<br>công nghệ màn hình: IPS LCD<br>độ phân giải màn hình: HD+ (720 x 1640 Pixels)<br>màn hình rộng: 6.88 "" - Tần số quét 120 Hz<br>dung lượng pin: 5160 mAh<br>hỗ trợ sạc tối đa: 18 W<br>mạng di động: Hỗ trợ 4G<br>sim: 2 Nano SIM<br>hãng: Xiaomi"
realme 13+ 5G 12GB/256GB,https://www.thegioididong.com/dtdd/realme-13-plus-5g?utm_flashsale=1,"hệ điều hành: Android 14<br>chip xử lý (cpu): MediaTek Dimensity 7300 Energy 5G 8 nhân<br>ram: 12 GB<br>dung lượng lưu trữ: 256 GB<br>độ phân giải camera sau: Chính 50 MP & Phụ 2 MP, Flicker<br>độ phân giải camera trước: 16 MP<br>công nghệ màn hình: OLED<br>độ phân giải màn hình: Full HD+ (1080 x 2400 Pixels)<br>màn hình rộng: 6.67"" - Tần số quét 120 Hz<br>dung lượng pin: 5000 mAh<br>hỗ trợ sạc tối đa: 80 W<br>mạng di động: Hỗ trợ 5G<br>sim: 2 Nano SIM<br>hãng: realme"
vivo Y04 4GB/128GB,https://www.thegioididong.com/dtdd/vivo-y04,"hệ điều hành: Android 14<br>chip xử lý (cpu): Unisoc T7225 8 nhân<br>ram: 4 GB<br>dung lượng lưu trữ: 128 GB<br>độ phân giải camera sau: Chính 13 MP & Phụ 0.08 MP<br>độ phân giải camera trước: 5 MP<br>công nghệ màn hình: IPS LCD<br>độ phân giải màn hình: HD+ (720 x 1600 Pixels)<br>màn hình rộng: 6.74"" - Tần số quét 90 Hz<br>dung lượng pin: 5500 mAh<br>hỗ trợ sạc tối đa: 15 W<br>mạng di động: Hỗ trợ 4G<br>sim: 2 Nano SIM<br>hãng: vivo"
Samsung Galaxy A35 5G 8GB/256GB,https://www.thegioididong.com/dtdd/samsung-galaxy-a35-5g?utm_flashsale=1,"hệ điều hành: Android 14<br>chip xử lý (cpu): Exynos 1380 8 nhân<br>ram: 8 GB<br>dung lượng lưu trữ: 256 GB<br>độ phân giải camera sau: Chính 50 MP & Phụ 8 MP, 5 MP<br>độ phân giải camera trước: 13 MP<br>công nghệ màn hình: Super AMOLED<br>độ phân giải màn hình: Full HD+ (1080 x 2340 Pixels)<br>màn hình rộng: 6.6"" - Tần số quét 120 Hz<br>dung lượng pin: 5000 mAh<br>hỗ trợ sạc tối đa: 25 W<br>mạng di động: Hỗ trợ 5G<br>sim: 2 Nano SIM<br>hãng: Samsung"
OPPO Reno12 F 5G 12GB/256GB,https://www.thegioididong.com/dtdd/oppo-reno12-f-5g-12gb-256gb?utm_flashsale=1,"hệ điều hành: Android 14<br>chip xử lý (cpu): MediaTek Dimensity 6300 5G 8 nhân<br>ram: 12 GB<br>dung lượng lưu trữ: 256 GB<br>độ phân giải camera sau: Chính 50 MP & Phụ 8 MP, 2 MP<br>độ phân giải camera trước: 32 MP<br>công nghệ màn hình: AMOLED<br>độ phân giải màn hình: Full HD+ (1080 x 2400 Pixels)<br>màn hình rộng: 6.67"" - Tần số quét 120 Hz<br>dung lượng pin: 5000 mAh<br>hỗ trợ sạc tối đa: 45 W<br>mạng di động: Hỗ trợ 5G<br>sim: 2 Nano SIM<br>hãng: OPPO"
OPPO Reno13 Pro 5G 12GB/512GB,https://www.thegioididong.com/dtdd/oppo-reno13-pro-5g?utm_flashsale=1,"hệ điều hành: Android 15<br>chip xử lý (cpu): MediaTek Dimensity 8350 5G 8 nhân<br>ram: 12 GB<br>dung lượng lưu trữ: 512 GB<br>độ phân giải camera sau: Chính 50 MP & Phụ 50 MP, 8 MP<br>độ phân giải camera trước: 50 MP<br>công nghệ màn hình: AMOLED<br>độ phân giải màn hình: 1.5K (1272 x 2800 Pixels)<br>màn hình rộng: 6.83"" - Tần số quét 120 Hz<br>dung lượng pin: 5800 mAh<br>hỗ trợ sạc tối đa: 80 W<br>mạng di động: Hỗ trợ 5G<br>sim: 2 Nano SIM<br>hãng: OPPO"
realme C75 8GB/128GB,https://www.thegioididong.com/dtdd/realme-c75-8gb-128gb,"hệ điều hành: Android 14<br>chip xử lý (cpu): MediaTek Helio G92 Max 8 nhân<br>ram: 8 GB<br>dung lượng lưu trữ: 128 GB<br>độ phân giải camera sau: Chính 50 MP & Cảm biến Flicker<br>độ phân giải camera trước: 8 MP<br>công nghệ màn hình: IPS LCD<br>độ phân giải màn hình: Full HD+ (1080 x 2400 Pixels)<br>màn hình rộng: 6.72"" - Tần số quét 90 Hz<br>dung lượng pin: 6000 mAh<br>hỗ trợ sạc tối đa: 45 W<br>mạng di động: Hỗ trợ 4G<br>sim: 2 Nano SIM<br>hãng: realme"
vivo V40 Lite 8GB/256GB,https://www.thegioididong.com/dtdd/vivo-v40-lite-8gb-256gb,"hệ điều hành: Android 14<br>chip xử lý (cpu): Snapdragon 685 8 nhân<br>ram: 8 GB<br>dung lượng lưu trữ: 256 GB<br>độ phân giải camera sau: Chính 50 MP & Phụ 2 MP<br>độ phân giải camera trước: 32 MP<br>công nghệ màn hình: AMOLED<br>độ phân giải màn hình: Full HD+ (1080 x 2400 Pixels)<br>màn hình rộng: 6.67"" - Tần số quét 120 Hz<br>dung lượng pin: 5000 mAh<br>hỗ trợ sạc tối đa: 80 W<br>mạng di động: Hỗ trợ 4G<br>sim: 2 Nano SIM<br>hãng: vivo"
OPPO Reno12 5G 12GB/256GB Hồng,https://www.thegioididong.com/dtdd/oppo-reno12-5g-12gb-256gb-hong?utm_flashsale=1,"hệ điều hành: Android 14<br>chip xử lý (cpu): MediaTek Dimensity 7300-Energy 5G 8 nhân<br>ram: 12 GB<br>dung lượng lưu trữ: 256 GB<br>độ phân giải camera sau: Chính 50 MP & Phụ 8 MP, 2 MP<br>độ phân giải camera trước: 32 MP<br>công nghệ màn hình: AMOLED<br>độ phân giải màn hình: Full HD+ (1080 x 2412 Pixels)<br>màn hình rộng: 6.7"" - Tần số quét 120 Hz<br>dung lượng pin: 5000 mAh<br>hỗ trợ sạc tối đa: 80 W<br>mạng di động: Hỗ trợ 5G<br>sim: 2 Nano SIM<br>hãng: OPPO"
OPPO Find X8 5G 16GB/512GB Hồng,https://www.thegioididong.com/dtdd/oppo-find-x8-hong,"hệ điều hành: Android 15<br>chip xử lý (cpu): MediaTek Dimensity 9400 8 nhân<br>ram: 16 GB<br>dung lượng lưu trữ: 512 GB<br>độ phân giải camera sau: 3 camera 50 MP<br>độ phân giải camera trước: 32 MP<br>công nghệ màn hình: AMOLED<br>độ phân giải màn hình: 1.5K+ (1256 x 2760 Pixels)<br>màn hình rộng: 6.59"" - Tần số quét 120 Hz<br>dung lượng pin: 5630 mAh<br>hỗ trợ sạc tối đa: 80 W<br>mạng di động: Hỗ trợ 5G<br>sim: 2 Nano SIM hoặc 1 Nano SIM + 1 eSIM<br>hãng: OPPO"
realme Note 60 6GB/128GB,https://www.thegioididong.com/dtdd/realme-note-60,"hệ điều hành: Android 14<br>chip xử lý (cpu): Unisoc Tiger T612<br>ram: 6 GB<br>dung lượng lưu trữ: 128 GB<br>độ phân giải camera sau: Chính 32 MP & Cảm biến Flicker<br>độ phân giải camera trước: 5 MP<br>công nghệ màn hình: IPS LCD<br>độ phân giải màn hình: HD+ (720 x 1600 Pixels)<br>màn hình rộng: 6.745 "" - Tần số quét 90 Hz<br>dung lượng pin: 5000 mAh<br>hỗ trợ sạc tối đa: 10 W<br>mạng di động: Hỗ trợ 4G<br>sim: 2 Nano SIM<br>hãng: realme"
vivo V30 5G 12GB/512GB,https://www.thegioididong.com/dtdd/vivo-v30,"hệ điều hành: Android 14<br>chip xử lý (cpu): Snapdragon 7 Gen 3 8 nhân<br>ram: 12 GB<br>dung lượng lưu trữ: 512 GB<br>độ phân giải camera sau: Chính 50 MP & Phụ 50 MP<br>độ phân giải camera trước: 50 MP<br>công nghệ màn hình: AMOLED<br>độ phân giải màn hình: 1.5K (1260 x 2800 Pixels)<br>màn hình rộng: 6.78"" - Tần số quét 120 Hz<br>dung lượng pin: 5000 mAh<br>hỗ trợ sạc tối đa: 80 W<br>mạng di động: Hỗ trợ 5G<br>sim: 2 Nano SIM<br>hãng: vivo"
vivo V30e 5G 12GB/256GB,https://www.thegioididong.com/dtdd/vivo-v30e-12gb,"hệ điều hành: Android 14<br>chip xử lý (cpu): Snapdragon 6 Gen 1 8 nhân<br>ram: 12 GB<br>dung lượng lưu trữ: 256 GB<br>độ phân giải camera sau: Chính 50 MP & Phụ 8 MP<br>độ phân giải camera trước: 32 MP<br>công nghệ màn hình: AMOLED<br>độ phân giải màn hình: Full HD+ (1080 x 2400 Pixels)<br>màn hình rộng: 6.78"" - Tần số quét 120 Hz<br>dung lượng pin: 5500 mAh<br>hỗ trợ sạc tối đa: 44 W<br>mạng di động: Hỗ trợ 5G<br>sim: 2 Nano SIM<br>hãng: vivo"
realme Note 60x 4GB/64GB,https://www.thegioididong.com/dtdd/realme-note-60x-4gb?utm_flashsale=1,"hệ điều hành: Android 14<br>chip xử lý (cpu): Unisoc Tiger T612<br>ram: 4 GB<br>dung lượng lưu trữ: 64 GB<br>độ phân giải camera sau: 8 MP<br>độ phân giải camera trước: 5 MP<br>công nghệ màn hình: IPS LCD<br>độ phân giải màn hình: HD+ (720 x 1600 Pixels)<br>màn hình rộng: 6.74"" - Tần số quét 90 Hz<br>dung lượng pin: 5000 mAh<br>hỗ trợ sạc tối đa: 10 W<br>mạng di động: Hỗ trợ 4G<br>sim: 2 Nano SIM<br>hãng: realme"
Xiaomi Redmi Note 14 8GB/128GB,https://www.thegioididong.com/dtdd/xiaomi-redmi-note-14-8gb-128gb,"hệ điều hành: Xiaomi HyperOS (Android 14)<br>chip xử lý (cpu): MediaTek Helio G99-Ultra 8 nhân<br>ram: 8 GB<br>dung lượng lưu trữ: 128 GB<br>độ phân giải camera sau: Chính 108 MP & Phụ 2 MP, 2 MP<br>độ phân giải camera trước: 20 MP<br>công nghệ màn hình: AMOLED<br>độ phân giải màn hình: Full HD+ (1080 x 2400 Pixels)<br>màn hình rộng: 6.67"" - Tần số quét 120 Hz<br>dung lượng pin: 5500 mAh<br>hỗ trợ sạc tối đa: 33 W<br>mạng di động: Hỗ trợ 4G<br>sim: 2 Nano SIM (SIM 2 chung khe thẻ nhớ)<br>hãng: Xiaomi"
Samsung Galaxy A06 4GB/64GB,https://www.thegioididong.com/dtdd/samsung-galaxy-a06-4gb-64gb?utm_flashsale=1,"hệ điều hành: Android 14<br>chip xử lý (cpu): MediaTek Helio G85<br>ram: 4 GB<br>dung lượng lưu trữ: 64 GB<br>độ phân giải camera sau: Chính 50 MP & Phụ 2 MP<br>độ phân giải camera trước: 8 MP<br>công nghệ màn hình: PLS LCD<br>độ phân giải màn hình: HD+ (720 x 1600 Pixels)<br>màn hình rộng: 6.7"" - Tần số quét 60 Hz<br>dung lượng pin: 5000 mAh<br>hỗ trợ sạc tối đa: 25 W<br>mạng di động: Hỗ trợ 4G<br>sim: 2 Nano SIM<br>hãng: Samsung"
Samsung Galaxy A16 5G 8GB/256GB,https://www.thegioididong.com/dtdd/samsung-galaxy-a16-5g?utm_flashsale=1,"hệ điều hành: Android 14<br>chip xử lý (cpu): MediaTek Dimensity 6300 5G 8 nhân<br>ram: 8 GB<br>dung lượng lưu trữ: 256 GB<br>độ phân giải camera sau: Chính 50 MP & Phụ 5 MP, 2 MP<br>độ phân giải camera trước: 13 MP<br>công nghệ màn hình: Super AMOLED<br>độ phân giải màn hình: Full HD+ (1080 x 2340 Pixels)<br>màn hình rộng: 6.7"" - Tần số quét 90 Hz<br>dung lượng pin: 5000 mAh<br>hỗ trợ sạc tối đa: 25 W<br>mạng di động: Hỗ trợ 5G<br>sim: 2 Nano SIM<br>hãng: Samsung"
Xiaomi Redmi A5 3GB/64GB,https://www.thegioididong.com/dtdd/xiaomi-redmi-a5-3gb-64gb,"hệ điều hành: Android 15<br>chip xử lý (cpu): Unisoc T7250 8 nhân<br>ram: 3 GB<br>dung lượng lưu trữ: 64 GB<br>độ phân giải camera sau: Chính 32 MP & Phụ QVGA<br>độ phân giải camera trước: 8 MP<br>công nghệ màn hình: IPS LCD<br>độ phân giải màn hình: HD+ (720 x 1640 Pixels)<br>màn hình rộng: 6.88 "" - Tần số quét 120 Hz<br>dung lượng pin: 5200 mAh<br>hỗ trợ sạc tối đa: 15 W<br>mạng di động: Hỗ trợ 4G<br>sim: 2 Nano SIM<br>hãng: Xiaomi"
Nokia HMD 105 4G,https://www.thegioididong.com/dtdd/nokia-hmd-105-4g,"dung lượng lưu trữ: 128 MB<br>công nghệ màn hình: Hãng không công bố<br>độ phân giải màn hình: QQVGA (120 x 160 Pixels)<br>màn hình rộng: 2.4""<br>dung lượng pin: 1450 mAh<br>hỗ trợ sạc tối đa: Hãng không công bố<br>mạng di động: Hỗ trợ 4G<br>sim: 2 Nano SIM<br>hãng: Nokia"
OPPO Reno12 F 8GB/256GB,https://www.thegioididong.com/dtdd/oppo-reno12-f-4g-8gb-256gb,"hệ điều hành: Android 14<br>chip xử lý (cpu): Snapdragon 685 8 nhân<br>ram: 8 GB<br>dung lượng lưu trữ: 256 GB<br>độ phân giải camera sau: Chính 50 MP & Phụ 8 MP, 2 MP<br>độ phân giải camera trước: 32 MP<br>công nghệ màn hình: AMOLED<br>độ phân giải màn hình: Full HD+ (1080 x 2400 Pixels)<br>màn hình rộng: 6.67"" - Tần số quét 120 Hz<br>dung lượng pin: 5000 mAh<br>hỗ trợ sạc tối đa: 45 W<br>mạng di động: Hỗ trợ 4G<br>sim: 2 Nano SIM<br>hãng: OPPO"
OPPO Reno14 F 5G 8GB/256GB Hồng,https://www.thegioididong.com/dtdd/oppo-reno14-f-5g-8gb-256gb-hong,"màn hình: AMOLED
6.83""
1.5K<br>hệ điều hành: Android 15<br>camera sau: Chính 50 MP & Phụ 50 MP, 50 MP<br>camera trước: 50 MP<br>chip: MediaTek Dimensity 8450 5G 8 nhân<br>ram: 12 GB<br>dung lượng lưu trữ: 512 GB<br>sim: 2 Nano SIM hoặc 1 Nano SIM + 1 eSIM
Hỗ trợ 5G<br>pin, sạc: 6200 mAh
80 W<br>hãng: OPPO"
Masstel IZI 10 4G,https://www.thegioididong.com/dtdd/masstel-izi-10,"chip xử lý (cpu): Unisoc UMS9117<br>ram: 48 MB<br>dung lượng lưu trữ: 128 MB<br>công nghệ màn hình: TFT LCD<br>độ phân giải màn hình: QQVGA (128 x 160 Pixels)<br>màn hình rộng: 1.77""<br>dung lượng pin: 1000 mAh<br>mạng di động: Hỗ trợ 4G VoLTE<br>sim: 2 Nano SIM<br>hãng: Masstel"
Nokia 220 4G,https://www.thegioididong.com/dtdd/nokia-220-4g,"hệ điều hành: S30+<br>chip xử lý (cpu): Unisoc T107 8 nhân<br>ram: 64 MB<br>dung lượng lưu trữ: 128 MB<br>độ phân giải màn hình: QVGA (240 x 320 Pixels)<br>màn hình rộng: 2.8""<br>dung lượng pin: 1450 mAh<br>hỗ trợ sạc tối đa: Hãng không công bố<br>mạng di động: Hỗ trợ 4G<br>sim: 2 Nano SIM<br>hãng: Nokia"
Xiaomi Redmi Note 14 Pro 5G 8GB/256GB,https://www.thegioididong.com/dtdd/xiaomi-redmi-note-14-pro-5g?utm_flashsale=1,"hệ điều hành: Xiaomi HyperOS (Android 14)<br>chip xử lý (cpu): MediaTek Dimensity 7300-Ultra 8 nhân<br>ram: 8 GB<br>dung lượng lưu trữ: 256 GB<br>độ phân giải camera sau: Chính 200 MP & Phụ 8 MP, 2 MP<br>độ phân giải camera trước: 20 MP<br>công nghệ màn hình: AMOLED<br>độ phân giải màn hình: 1.5K (1220 x 2712 Pixels)<br>màn hình rộng: 6.67"" - Tần số quét 120 Hz<br>dung lượng pin: 5110 mAh<br>hỗ trợ sạc tối đa: 45 W<br>mạng di động: Hỗ trợ 5G<br>sim: 2 Nano SIM<br>hãng: Xiaomi"
Masstel IZI T6 4G,https://www.thegioididong.com/dtdd/masstel-izi-t6,"chip xử lý (cpu): Unisoc T107<br>ram: 48 MB<br>dung lượng lưu trữ: 128 MB<br>công nghệ màn hình: TFT LCD<br>độ phân giải màn hình: QVGA (240 x 320 Pixels)<br>màn hình rộng: 2.4""<br>dung lượng pin: 1800 mAh<br>hỗ trợ sạc tối đa: 2.5 W<br>mạng di động: Hỗ trợ 4G<br>sim: 2 Nano SIM<br>hãng: Masstel"
Viettel Sumo 4G T2,https://www.thegioididong.com/dtdd/viettel-sumo-4g-t2,"hệ điều hành: Mocor (RTOS)<br>chip xử lý (cpu): Unisoc T107<br>ram: 48 MB<br>dung lượng lưu trữ: 128 MB<br>độ phân giải camera sau: 0.08 MP<br>công nghệ màn hình: TN<br>độ phân giải màn hình: QVGA (240 x 320 Pixels)<br>màn hình rộng: 2.4""<br>dung lượng pin: 1400 mAh<br>hỗ trợ sạc tối đa: 2.5 W<br>mạng di động: Hỗ trợ 4G<br>sim: 2 Nano SIM"
Masstel Fami 50 4G,https://www.thegioididong.com/dtdd/masstel-fami-50,"chip xử lý (cpu): Unisoc T107<br>ram: 48 MB<br>dung lượng lưu trữ: 128 MB<br>công nghệ màn hình: TFT LCD<br>độ phân giải màn hình: QQVGA (128 x 160 Pixels)<br>màn hình rộng: 2""<br>dung lượng pin: 1750 mAh<br>hỗ trợ sạc tối đa: 2.5 W<br>mạng di động: Hỗ trợ 4G<br>sim: 2 Nano SIM<br>hãng: Masstel"
Mobell M539 4G,https://www.thegioididong.com/dtdd/mobell-m539,"chip xử lý (cpu): Unisoc T107<br>ram: 48 MB<br>dung lượng lưu trữ: 128 MB<br>độ phân giải camera sau: 0.08 MP<br>công nghệ màn hình: TFT LCD<br>độ phân giải màn hình: QVGA (240 x 320 Pixels)<br>màn hình rộng: 2.8""<br>dung lượng pin: 2000 mAh<br>hỗ trợ sạc tối đa: 2.5 W<br>mạng di động: Hỗ trợ 4G VoLTE<br>sim: 2 Nano SIM<br>hãng: Mobell"
Mobell M331 4G,https://www.thegioididong.com/dtdd/mobell-m331,"chip xử lý (cpu): Unisoc T107<br>ram: 48 MB<br>dung lượng lưu trữ: 128 MB<br>độ phân giải camera sau: 0.08 MP<br>công nghệ màn hình: TFT LCD<br>độ phân giải màn hình: QVGA (240 x 320 Pixels)<br>màn hình rộng: 2.4""<br>dung lượng pin: 1000 mAh<br>hỗ trợ sạc tối đa: 2.5 W<br>mạng di động: Hỗ trợ 4G VoLTE<br>sim: 2 Nano SIM<br>hãng: Mobell"
Nokia 105 4G Pro,https://www.thegioididong.com/dtdd/nokia-105-4g-pro,"hệ điều hành: Series 30+<br>chip xử lý (cpu): Unisoc T107 8 nhân<br>ram: 48 MB<br>dung lượng lưu trữ: 128 MB<br>công nghệ màn hình: IPS LCD<br>độ phân giải màn hình: QQVGA (120 x 160 Pixels)<br>màn hình rộng: 1.77""<br>dung lượng pin: 1450 mAh<br>hỗ trợ sạc tối đa: 2.75 W<br>mạng di động: Hỗ trợ 4G<br>sim: 2 Nano SIM<br>hãng: Nokia"
Nokia 110 4G Pro,https://www.thegioididong.com/dtdd/nokia-110-4g-pro,"hệ điều hành: Series 30+<br>chip xử lý (cpu): Unisoc T107 8 nhân<br>ram: 48 MB<br>dung lượng lưu trữ: 128 MB<br>độ phân giải camera sau: QVGA (320 x 240 pixels)<br>công nghệ màn hình: IPS LCD<br>độ phân giải màn hình: QQVGA (120 x 160 Pixels)<br>màn hình rộng: 1.77""<br>dung lượng pin: 1450 mAh<br>hỗ trợ sạc tối đa: 5 W<br>mạng di động: Hỗ trợ 4G VoLTE<br>sim: 2 Nano SIM<br>hãng: Nokia"
Samsung Galaxy S24 Ultra 5G 12GB/256GB,https://www.thegioididong.com/dtdd/samsung-galaxy-s24-ultra-5g,"hệ điều hành: Android 14<br>chip xử lý (cpu): Snapdragon 8 Gen 3 for Galaxy<br>ram: 12 GB<br>dung lượng lưu trữ: 256 GB<br>độ phân giải camera sau: Chính 200 MP & Phụ 50 MP, 12 MP, 10 MP<br>độ phân giải camera trước: 12 MP<br>công nghệ màn hình: Dynamic AMOLED 2X<br>độ phân giải màn hình: 2K+ (1440 x 3120 Pixels)<br>màn hình rộng: 6.8"" - Tần số quét 120 Hz<br>dung lượng pin: 5000 mAh<br>hỗ trợ sạc tối đa: 45 W<br>mạng di động: Hỗ trợ 5G<br>sim: 2 Nano SIM hoặc 2 eSIM hoặc 1 Nano SIM + 1 eSIM<br>hãng: Samsung"
Xiaomi Redmi Note 14 5G 8GB/256GB,https://www.thegioididong.com/dtdd/xiaomi-redmi-note-14-5g,"hệ điều hành: Xiaomi HyperOS (Android 14)<br>chip xử lý (cpu): MediaTek Dimensity 7025-Ultra 5G 8 nhân<br>ram: 8 GB<br>dung lượng lưu trữ: 256 GB<br>độ phân giải camera sau: Chính 108 MP & Phụ 8 MP, 2 MP<br>độ phân giải camera trước: 20 MP<br>công nghệ màn hình: AMOLED<br>độ phân giải màn hình: Full HD+ (1080 x 2400 Pixels)<br>màn hình rộng: 6.67"" - Tần số quét 120 Hz<br>dung lượng pin: 5110 mAh<br>hỗ trợ sạc tối đa: 45 W<br>mạng di động: Hỗ trợ 5G<br>sim: 2 Nano SIM (SIM 2 chung khe thẻ nhớ)<br>hãng: Xiaomi"
Benco 4G G3,https://www.thegioididong.com/dtdd/benco-4g-g3,"hệ điều hành: Mocor (RTOS)<br>chip xử lý (cpu): Unisoc T107<br>ram: 48 MB<br>dung lượng lưu trữ: 128 MB<br>công nghệ màn hình: Hãng không công bố<br>độ phân giải màn hình: QQVGA (128 x 160 Pixels)<br>màn hình rộng: 1.77""<br>dung lượng pin: 1000 mAh<br>hỗ trợ sạc tối đa: 2.5 W<br>mạng di động: Hỗ trợ 4G<br>sim: 2 Nano SIM"
HONOR X5b Plus 4GB/128GB,https://www.thegioididong.com/dtdd/honor-x5b-plus,"hệ điều hành: Android 14<br>chip xử lý (cpu): MediaTek Helio G36 8 nhân<br>ram: 4 GB<br>dung lượng lưu trữ: 128 GB<br>độ phân giải camera sau: Chính 50 MP & Ống kính phụ<br>độ phân giải camera trước: 5 MP<br>công nghệ màn hình: TFT LCD<br>độ phân giải màn hình: HD+ (720 x 1612 Pixels)<br>màn hình rộng: 6.56"" - Tần số quét 90 Hz<br>dung lượng pin: 5200 mAh<br>hỗ trợ sạc tối đa: 10 W<br>mạng di động: Hỗ trợ 4G<br>sim: 2 Nano SIM<br>hãng: HONOR"
Mobell F309 4G,https://www.thegioididong.com/dtdd/mobell-f309,"chip xử lý (cpu): Unisoc T107<br>ram: 48 MB<br>dung lượng lưu trữ: 128 MB<br>độ phân giải camera sau: 0.08 MP<br>công nghệ màn hình: TFT LCD<br>độ phân giải màn hình: QVGA (240 x 320 Pixels)<br>màn hình rộng: 2.31""<br>dung lượng pin: 1600 mAh<br>hỗ trợ sạc tối đa: 2.5 W<br>mạng di động: Hỗ trợ 4G VoLTE<br>sim: 2 Nano SIM<br>hãng: Mobell"
Mobell M239 4G,https://www.thegioididong.com/dtdd/mobell-m239,"chip xử lý (cpu): Unisoc UMS9117-L<br>ram: 48 MB<br>dung lượng lưu trữ: 128 MB<br>độ phân giải camera sau: 0.08 MP<br>công nghệ màn hình: TFT LCD<br>độ phân giải màn hình: QQVGA (128 x 160 Pixels)<br>màn hình rộng: 1.77""<br>dung lượng pin: 1000 mAh<br>hỗ trợ sạc tối đa: 2.5 W<br>mạng di động: Hỗ trợ 4G VoLTE<br>sim: 2 Nano SIM<br>hãng: Mobell"
vivo V50 Lite 8GB/256GB,https://www.thegioididong.com/dtdd/vivo-v50-lite,"hệ điều hành: Android 15<br>chip xử lý (cpu): Snapdragon 685 8 nhân<br>ram: 8 GB<br>dung lượng lưu trữ: 256 GB<br>độ phân giải camera sau: Chính 50 MP & Phụ 2 MP<br>độ phân giải camera trước: 32 MP<br>công nghệ màn hình: AMOLED<br>độ phân giải màn hình: Full HD+ (1080 x 2392 Pixels)<br>màn hình rộng: 6.77 "" - Tần số quét 120 Hz<br>dung lượng pin: 6500 mAh<br>hỗ trợ sạc tối đa: 90 W<br>mạng di động: Hỗ trợ 4G<br>sim: 2 Nano SIM<br>hãng: vivo"
HONOR X7c 8GB/256GB,https://www.thegioididong.com/dtdd/honor-x7c,"hệ điều hành: Android 14<br>chip xử lý (cpu): Snapdragon 685 8 nhân<br>ram: 8 GB<br>dung lượng lưu trữ: 256 GB<br>độ phân giải camera sau: Chính 108 MP & Phụ 2 MP<br>độ phân giải camera trước: 8 MP<br>công nghệ màn hình: IPS LCD<br>độ phân giải màn hình: HD+ (720 x 1610 Pixels)<br>màn hình rộng: 6.77 "" - Tần số quét 120 Hz<br>dung lượng pin: 6000 mAh<br>hỗ trợ sạc tối đa: 35 W<br>mạng di động: Hỗ trợ 4G<br>sim: 2 Nano SIM<br>hãng: HONOR"
Samsung Galaxy M35 5G 8GB/256GB,https://www.thegioididong.com/dtdd/samsung-galaxy-m35-5g,"hệ điều hành: Android 14<br>chip xử lý (cpu): Exynos 1380 8 nhân<br>ram: 8 GB<br>dung lượng lưu trữ: 256 GB<br>độ phân giải camera sau: Chính 50 MP & Phụ 8 MP, 2 MP<br>độ phân giải camera trước: 13 MP<br>công nghệ màn hình: Super AMOLED<br>độ phân giải màn hình: Full HD+ (1080 x 2340 Pixels)<br>màn hình rộng: 6.6"" - Tần số quét 120 Hz<br>dung lượng pin: 6000 mAh<br>hỗ trợ sạc tối đa: 25 W<br>mạng di động: Hỗ trợ 5G<br>sim: 2 Nano SIM<br>hãng: Samsung"
HONOR X6c 6GB/128GB,https://www.thegioididong.com/dtdd/honor-x6c-6gb-128gb,"màn hình: TFT LCD
6.61""
HD+<br>hệ điều hành: Android 15<br>camera sau: Chính 50 MP & Phụ cảm biến chiều sâu<br>camera trước: 5 MP<br>chip: MediaTek Helio G81-Ultra 8 nhân<br>ram: 6 GB<br>dung lượng lưu trữ: 256 GB<br>sim: 2 Nano SIM (SIM 2 chung khe thẻ nhớ)
Hỗ trợ 4G<br>pin, sạc: 5300 mAh
35 W<br>hãng: HONOR"
Samsung Galaxy S25 Plus 5G 12GB/256GB,https://www.thegioididong.com/dtdd/samsung-galaxy-s25-plus,"hệ điều hành: Android 15<br>chip xử lý (cpu): Qualcomm Snapdragon 8 Elite For Galaxy 8 nhân<br>ram: 12 GB<br>dung lượng lưu trữ: 256 GB<br>độ phân giải camera sau: Chính 50 MP & Phụ 12 MP, 10 MP<br>độ phân giải camera trước: 12 MP<br>công nghệ màn hình: Dynamic AMOLED 2X<br>độ phân giải màn hình: 2K+ (1440 x 3120 Pixels)<br>màn hình rộng: 6.7"" - Tần số quét 120 Hz<br>dung lượng pin: 4900 mAh<br>hỗ trợ sạc tối đa: 45 W<br>mạng di động: Hỗ trợ 5G<br>sim: 2 Nano SIM hoặc 2 eSIM hoặc 1 Nano SIM + 1 eSIM<br>hãng: Samsung"
Nokia 3210 4G,https://www.thegioididong.com/dtdd/nokia-3210-4g,"hệ điều hành: S30+<br>chip xử lý (cpu): Đang cập nhật<br>ram: 64 MB<br>dung lượng lưu trữ: 128 MB<br>độ phân giải camera sau: 2 MP<br>độ phân giải màn hình: QVGA (240 x 320 Pixels)<br>màn hình rộng: 2.4""<br>dung lượng pin: 1450 mAh<br>hỗ trợ sạc tối đa: 2.75 W<br>mạng di động: Hỗ trợ 4G<br>sim: 2 Nano SIM<br>hãng: Nokia"
vivo Y03 4GB/128GB,https://www.thegioididong.com/dtdd/vivo-y03,"hệ điều hành: Android 14<br>chip xử lý (cpu): MediaTek Helio G85<br>ram: 4 GB<br>dung lượng lưu trữ: 128 GB<br>độ phân giải camera sau: Chính 13 MP & Phụ 0.08 MP<br>độ phân giải camera trước: 5 MP<br>công nghệ màn hình: IPS LCD<br>độ phân giải màn hình: HD+ (720 x 1612 Pixels)<br>màn hình rộng: 6.56"" - Tần số quét 90 Hz<br>dung lượng pin: 5000 mAh<br>hỗ trợ sạc tối đa: 15 W<br>mạng di động: Hỗ trợ 4G<br>sim: 2 Nano SIM<br>hãng: vivo"
vivo V40 5G 12GB/256GB,https://www.thegioididong.com/dtdd/vivo-v40-5g,"hệ điều hành: Android 14<br>chip xử lý (cpu): Snapdragon 7 Gen 3 8 nhân<br>ram: 12 GB<br>dung lượng lưu trữ: 256 GB<br>độ phân giải camera sau: 2 camera 50 MP<br>độ phân giải camera trước: 50 MP<br>công nghệ màn hình: AMOLED<br>độ phân giải màn hình: 1.5K (1260 x 2800 Pixels)<br>màn hình rộng: 6.78"" - Tần số quét 120 Hz<br>dung lượng pin: 5500 mAh<br>hỗ trợ sạc tối đa: 80 W<br>mạng di động: Hỗ trợ 5G<br>sim: 2 Nano SIM<br>hãng: vivo"
Tecno Spark 30C 6GB/128GB,https://www.thegioididong.com/dtdd/tecno-spark-30c,"hệ điều hành: Android 14<br>chip xử lý (cpu): MediaTek Helio G81 8 nhân<br>ram: 6 GB<br>dung lượng lưu trữ: 128 GB<br>độ phân giải camera sau: 48 MP<br>độ phân giải camera trước: 8 MP<br>công nghệ màn hình: IPS LCD<br>độ phân giải màn hình: HD+ (720 x 1600 Pixels)<br>màn hình rộng: 6.67"" - Tần số quét 120 Hz<br>dung lượng pin: 5000 mAh<br>hỗ trợ sạc tối đa: 18 W<br>mạng di động: Hỗ trợ 4G<br>sim: 2 Nano SIM"
realme Note 50 3GB/64GB,https://www.thegioididong.com/dtdd/realme-note-50-64gb,"hệ điều hành: Android 13<br>chip xử lý (cpu): Unisoc Tiger T612<br>ram: 3 GB<br>dung lượng lưu trữ: 64 GB<br>độ phân giải camera sau: Chính 13 MP & Phụ 0.08 MP<br>độ phân giải camera trước: 5 MP<br>công nghệ màn hình: IPS LCD<br>độ phân giải màn hình: HD+ (720 x 1600 Pixels)<br>màn hình rộng: 6.74"" - Tần số quét 90 Hz<br>dung lượng pin: 5000 mAh<br>hỗ trợ sạc tối đa: 10 W<br>mạng di động: Hỗ trợ 4G<br>sim: 2 Nano SIM<br>hãng: realme"
Mobell F209 4G,https://www.thegioididong.com/dtdd/mobell-f209,"chip xử lý (cpu): Unisoc T107<br>ram: 48 MB<br>dung lượng lưu trữ: 128 MB<br>công nghệ màn hình: TFT LCD<br>độ phân giải màn hình: QVGA (176 x 220 Pixels)<br>màn hình rộng: 2""<br>dung lượng pin: 1500 mAh<br>hỗ trợ sạc tối đa: 2.5 W<br>mạng di động: Hỗ trợ 4G VoLTE<br>sim: 2 Nano SIM<br>hãng: Mobell"
realme C65s 8GB/128GB,https://www.thegioididong.com/dtdd/realme-c65s-8gb-128gb,"hệ điều hành: Android 14<br>chip xử lý (cpu): Unisoc Tiger T612<br>ram: 8 GB<br>dung lượng lưu trữ: 128 GB<br>độ phân giải camera sau: Chính 50 MP & Cảm biến Flicker<br>độ phân giải camera trước: 8 MP<br>công nghệ màn hình: IPS LCD<br>độ phân giải màn hình: HD+ (720 x 1600 Pixels)<br>màn hình rộng: 6.745 "" - Tần số quét 90 Hz<br>dung lượng pin: 5000 mAh<br>hỗ trợ sạc tối đa: 45 W<br>mạng di động: Hỗ trợ 4G<br>sim: 2 Nano SIM<br>hãng: realme"
Samsung Galaxy S25 Edge 5G 12GB/512GB,https://www.thegioididong.com/dtdd/samsung-galaxy-s25-edge-5g-512gb,"hệ điều hành: Android 15<br>chip xử lý (cpu): Qualcomm Snapdragon 8 Elite For Galaxy 8 nhân<br>ram: 12 GB<br>dung lượng lưu trữ: 512 GB<br>độ phân giải camera sau: Chính 200 MP & Phụ 12 MP<br>độ phân giải camera trước: 12 MP<br>công nghệ màn hình: Dynamic AMOLED 2X<br>độ phân giải màn hình: 2K+ (1440 x 3120 Pixels)<br>màn hình rộng: 6.7"" - Tần số quét 120 Hz<br>dung lượng pin: 3900 mAh<br>hỗ trợ sạc tối đa: 25 W<br>mạng di động: Hỗ trợ 5G<br>sim: 2 Nano SIM hoặc 2 eSIM hoặc 1 Nano SIM + 1 eSIM<br>hãng: Samsung"
TCL 406s 4GB/64GB,https://www.thegioididong.com/dtdd/tcl-406s,"hệ điều hành: Android 13<br>chip xử lý (cpu): MediaTek MT6762 (Helio P22)<br>ram: 4 GB<br>dung lượng lưu trữ: 64 GB<br>độ phân giải camera sau: Chính 13 MP & Phụ 2 MP<br>độ phân giải camera trước: 5 MP<br>công nghệ màn hình: IPS LCD<br>độ phân giải màn hình: HD+ (720 x 1612 Pixels)<br>màn hình rộng: 6.6"" - Tần số quét 60 Hz<br>dung lượng pin: 5000 mAh<br>hỗ trợ sạc tối đa: 10 W<br>mạng di động: Hỗ trợ 4G<br>sim: 2 Nano SIM"
Samsung Galaxy A16 8GB/128GB,https://www.thegioididong.com/dtdd/samsung-galaxy-a16-8gb-128gb?utm_flashsale=1,"hệ điều hành: Android 14<br>chip xử lý (cpu): MediaTek Helio G99<br>ram: 8 GB<br>dung lượng lưu trữ: 128 GB<br>độ phân giải camera sau: Chính 50 MP & Phụ 5 MP, 2 MP<br>độ phân giải camera trước: 13 MP<br>công nghệ màn hình: Super AMOLED<br>độ phân giải màn hình: Full HD+ (1080 x 2340 Pixels)<br>màn hình rộng: 6.7"" - Tần số quét 90 Hz<br>dung lượng pin: 5000 mAh<br>hỗ trợ sạc tối đa: 25 W<br>mạng di động: Hỗ trợ 4G<br>sim: 2 Nano SIM<br>hãng: Samsung"
HONOR 400 Pro 5G 12GB/512GB,https://www.thegioididong.com/dtdd/honor-400-pro,"màn hình: AMOLED
6.7""
1.5K<br>hệ điều hành: Android 15<br>camera sau: Chính 200 MP & Phụ 50 MP, 12 MP<br>camera trước: 50 MP<br>chip: Snapdragon 8 Gen 3 8 nhân<br>ram: 12 GB<br>dung lượng lưu trữ: 512 GB<br>sim: 2 Nano SIM
Hỗ trợ 5G<br>pin, sạc: 6000 mAh
100 W<br>hãng: HONOR"
OPPO A58 8GB/128GB,https://www.thegioididong.com/dtdd/oppo-a58-4g,"hệ điều hành: Android 13<br>chip xử lý (cpu): MediaTek Helio G85<br>ram: 8 GB<br>dung lượng lưu trữ: 128 GB<br>độ phân giải camera sau: Chính 50 MP & Phụ 2 MP<br>độ phân giải camera trước: 8 MP<br>công nghệ màn hình: LTPS LCD<br>độ phân giải màn hình: Full HD+ (1080 x 2412 Pixels)<br>màn hình rộng: 6.72"" - Tần số quét 60 Hz<br>dung lượng pin: 5000 mAh<br>hỗ trợ sạc tối đa: 33 W<br>mạng di động: Hỗ trợ 4G<br>sim: 2 Nano SIM<br>hãng: OPPO"
vivo Y18 4GB/128GB,https://www.thegioididong.com/dtdd/vivo-y18-4gb-128gb?utm_flashsale=1,"hệ điều hành: Android 14<br>chip xử lý (cpu): MediaTek Helio G85<br>ram: 4 GB<br>dung lượng lưu trữ: 128 GB<br>độ phân giải camera sau: Chính 50 MP & Phụ 0.08 MP<br>độ phân giải camera trước: 8 MP<br>công nghệ màn hình: IPS LCD<br>độ phân giải màn hình: HD+ (720 x 1612 Pixels)<br>màn hình rộng: 6.56"" - Tần số quét 90 Hz<br>dung lượng pin: 5000 mAh<br>hỗ trợ sạc tối đa: 15 W<br>mạng di động: Hỗ trợ 4G<br>sim: 2 Nano SIM<br>hãng: vivo"
vivo Y28 8GB/128GB,https://www.thegioididong.com/dtdd/vivo-y28,"hệ điều hành: Android 14<br>chip xử lý (cpu): MediaTek Helio G85<br>ram: 8 GB<br>dung lượng lưu trữ: 128 GB<br>độ phân giải camera sau: Chính 50 MP & Phụ 2 MP<br>độ phân giải camera trước: 8 MP<br>công nghệ màn hình: IPS LCD<br>độ phân giải màn hình: HD+ (720 x 1608 Pixels)<br>màn hình rộng: 6.68 "" - Tần số quét 90 Hz<br>dung lượng pin: 6000 mAh<br>hỗ trợ sạc tối đa: 44 W<br>mạng di động: Hỗ trợ 4G<br>sim: 2 Nano SIM<br>hãng: vivo"
Masstel Fami 60S 4G,https://www.thegioididong.com/dtdd/masstel-fami-60s,"chip xử lý (cpu): Unisoc T107 8 nhân<br>ram: 48 MB<br>dung lượng lưu trữ: 128 MB<br>công nghệ màn hình: IPS LCD<br>độ phân giải màn hình: QVGA (240 x 320 Pixels)<br>màn hình rộng: 2""<br>dung lượng pin: 2300 mAh<br>hỗ trợ sạc tối đa: 2.5 W<br>mạng di động: Hỗ trợ 4G<br>sim: 2 Nano SIM<br>hãng: Masstel"
TCL 60 NXTPaper 8GB/256GB,https://www.thegioididong.com/dtdd/tcl-60-nxtpaper,"hệ điều hành: Android 15<br>chip xử lý (cpu): MediaTek Helio G92 8 nhân<br>ram: 8 GB<br>dung lượng lưu trữ: 256 GB<br>độ phân giải camera sau: Chính 108 MP & Phụ 2 MP<br>độ phân giải camera trước: 32 MP<br>công nghệ màn hình: IPS LCD<br>độ phân giải màn hình: Full HD+ (1080 x 2460 Pixels)<br>màn hình rộng: 6.8"" - Tần số quét 90 Hz<br>dung lượng pin: 5200 mAh<br>hỗ trợ sạc tối đa: 33 W<br>mạng di động: Hỗ trợ 4G<br>sim: 2 Nano SIM"
OPPO Reno12 5G 12GB/512GB,https://www.thegioididong.com/dtdd/oppo-reno12-5g-12gb-512gb?utm_flashsale=1,"hệ điều hành: Android 14<br>chip xử lý (cpu): MediaTek Dimensity 7300-Energy 5G 8 nhân<br>ram: 12 GB<br>dung lượng lưu trữ: 512 GB<br>độ phân giải camera sau: Chính 50 MP & Phụ 8 MP, 2 MP<br>độ phân giải camera trước: 32 MP<br>công nghệ màn hình: AMOLED<br>độ phân giải màn hình: Full HD+ (1080 x 2412 Pixels)<br>màn hình rộng: 6.7"" - Tần số quét 120 Hz<br>dung lượng pin: 5000 mAh<br>hỗ trợ sạc tối đa: 80 W<br>mạng di động: Hỗ trợ 5G<br>sim: 2 Nano SIM<br>hãng: OPPO"
realme 12 8GB/256GB,https://www.thegioididong.com/dtdd/realme-12?utm_flashsale=1,"hệ điều hành: Android 14<br>chip xử lý (cpu): Snapdragon 685 8 nhân<br>ram: 8 GB<br>dung lượng lưu trữ: 256 GB<br>độ phân giải camera sau: Chính 50 MP & Phụ 2 MP<br>độ phân giải camera trước: 16 MP<br>công nghệ màn hình: AMOLED<br>độ phân giải màn hình: Full HD+ (1080 x 2400 Pixels)<br>màn hình rộng: 6.67"" - Tần số quét 120 Hz<br>dung lượng pin: 5000 mAh<br>hỗ trợ sạc tối đa: 67 W<br>mạng di động: Hỗ trợ 4G<br>sim: 2 Nano SIM<br>hãng: realme"
OPPO Find N3 Flip 5G 12GB/256GB Hồng,https://www.thegioididong.com/dtdd/oppo-find-n3-flip-hong,"hệ điều hành: Android 13<br>chip xử lý (cpu): MediaTek Dimensity 9200 5G 8 nhân<br>ram: 12 GB<br>dung lượng lưu trữ: 256 GB<br>độ phân giải camera sau: Chính 50 MP & Phụ 48 MP, 32 MP<br>độ phân giải camera trước: 32 MP<br>công nghệ màn hình: AMOLED<br>độ phân giải màn hình: Chính: FHD+ (1080 x 2520 Pixels) & Phụ: SD (382 x 720 Pixels)<br>màn hình rộng: Chính 6.8"" & Phụ 3.26"" - Tần số quét Chính: 120 Hz & Phụ: 60 Hz<br>dung lượng pin: 4300 mAh<br>hỗ trợ sạc tối đa: 44 W<br>mạng di động: Hỗ trợ 5G<br>sim: 2 Nano SIM<br>hãng: OPPO"
OPPO Find X8 Pro 5G 16GB/512GB,https://www.thegioididong.com/dtdd/oppo-find-x8-pro,"hệ điều hành: Android 15<br>chip xử lý (cpu): MediaTek Dimensity 9400 8 nhân<br>ram: 16 GB<br>dung lượng lưu trữ: 512 GB<br>độ phân giải camera sau: 4 camera 50 MP<br>độ phân giải camera trước: 32 MP<br>công nghệ màn hình: AMOLED<br>độ phân giải màn hình: 1.5K+ (1264 x 2780 Pixels)<br>màn hình rộng: 6.78"" - Tần số quét 120 Hz<br>dung lượng pin: 5910 mAh<br>hỗ trợ sạc tối đa: 80 W<br>mạng di động: Hỗ trợ 5G<br>sim: 2 Nano SIM hoặc 1 Nano SIM + 1 eSIM<br>hãng: OPPO"
OPPO Reno13 F 8GB/256GB,https://www.thegioididong.com/dtdd/oppo-reno13-f?utm_flashsale=1,"hệ điều hành: Android 15<br>chip xử lý (cpu): MediaTek Helio G100 8 nhân<br>ram: 8 GB<br>dung lượng lưu trữ: 256 GB<br>độ phân giải camera sau: Chính 50 MP & Phụ 8 MP, 2 MP<br>độ phân giải camera trước: 32 MP<br>công nghệ màn hình: AMOLED<br>độ phân giải màn hình: Full HD+ (1080 x 2400 Pixels)<br>màn hình rộng: 6.67"" - Tần số quét 120 Hz<br>dung lượng pin: 5800 mAh<br>hỗ trợ sạc tối đa: 45 W<br>mạng di động: Hỗ trợ 4G<br>sim: 2 Nano SIM<br>hãng: OPPO"
OPPO Reno12 Pro 5G 12GB/512GB,https://www.thegioididong.com/dtdd/oppo-reno12-pro?utm_flashsale=1,"hệ điều hành: Android 14<br>chip xử lý (cpu): MediaTek Dimensity 7300-Energy 5G 8 nhân<br>ram: 12 GB<br>dung lượng lưu trữ: 512 GB<br>độ phân giải camera sau: Chính 50 MP & Phụ 50 MP, 8 MP<br>độ phân giải camera trước: 50 MP<br>công nghệ màn hình: AMOLED<br>độ phân giải màn hình: Full HD+ (1080 x 2412 Pixels)<br>màn hình rộng: 6.7"" - Tần số quét 120 Hz<br>dung lượng pin: 5000 mAh<br>hỗ trợ sạc tối đa: 80 W<br>mạng di động: Hỗ trợ 5G<br>sim: 2 Nano SIM<br>hãng: OPPO"
Tecno Spark 30 5G 6GB/128GB,https://www.thegioididong.com/dtdd/tecno-spark-30-5g,"hệ điều hành: Android 14<br>chip xử lý (cpu): MediaTek Dimensity D6300 5G 8 nhân<br>ram: 6 GB<br>dung lượng lưu trữ: 128 GB<br>độ phân giải camera sau: Chính: 108 MP & Phụ: Cảm biến ánh sáng<br>độ phân giải camera trước: 8 MP<br>công nghệ màn hình: IPS LCD<br>độ phân giải màn hình: HD+ (720 x 1600 Pixels)<br>màn hình rộng: 6.67"" - Tần số quét 120 Hz<br>dung lượng pin: 5000 mAh<br>hỗ trợ sạc tối đa: 18 W<br>mạng di động: Hỗ trợ 5G<br>sim: 2 Nano SIM"
OPPO Find N3 5G 16GB/512GB,https://www.thegioididong.com/dtdd/oppo-find-n3,"hệ điều hành: Android 13<br>chip xử lý (cpu): Snapdragon 8 Gen 2 8 nhân<br>ram: 16 GB<br>dung lượng lưu trữ: 512 GB<br>độ phân giải camera sau: Chính 48 MP & Phụ 48 MP, 64 MP<br>độ phân giải camera trước: Trong: 20 MP & Ngoài: 32 MP<br>công nghệ màn hình: AMOLED<br>độ phân giải màn hình: Chính: 2K+ (2268 x 2440 Pixels) & Phụ: FHD+ (1116 x 2484 Pixels)<br>màn hình rộng: Chính 7.82"" & Phụ 6.31"" - Tần số quét 120 Hz<br>dung lượng pin: 4805 mAh<br>hỗ trợ sạc tối đa: 67 W<br>mạng di động: Hỗ trợ 5G<br>sim: 2 Nano SIM hoặc 1 Nano SIM + 1 eSIM<br>hãng: OPPO"
Samsung Galaxy A55 5G 8GB/256GB,https://www.thegioididong.com/dtdd/samsung-galaxy-a55-5g-8-256,"hệ điều hành: Android 14<br>chip xử lý (cpu): Exynos 1480 8 nhân<br>ram: 8 GB<br>dung lượng lưu trữ: 256 GB<br>độ phân giải camera sau: Chính 50 MP & Phụ 12 MP, 5 MP<br>độ phân giải camera trước: 32 MP<br>công nghệ màn hình: Super AMOLED<br>độ phân giải màn hình: Full HD+ (1080 x 2340 Pixels)<br>màn hình rộng: 6.6"" - Tần số quét 120 Hz<br>dung lượng pin: 5000 mAh<br>hỗ trợ sạc tối đa: 25 W<br>mạng di động: Hỗ trợ 5G<br>sim: 2 Nano SIM hoặc 1 Nano SIM + 1 eSIM<br>hãng: Samsung"
HONOR Magic V3 5G 12GB/512GB,https://www.thegioididong.com/dtdd/honor-magic-v3,"hệ điều hành: Android 14<br>chip xử lý (cpu): Snapdragon 8 Gen 3 8 nhân<br>ram: 12 GB<br>dung lượng lưu trữ: 512 GB<br>độ phân giải camera sau: Chính 50 MP & Phụ 50 MP, 40 MP<br>độ phân giải camera trước: 20 MP<br>công nghệ màn hình: LTPO OLED<br>độ phân giải màn hình: Chính: 2156 x 2344 Pixels & Phụ: 1060 x 2376 Pixels<br>màn hình rộng: Chính 7.92"" & Phụ 6.43"" - Tần số quét 120 Hz<br>dung lượng pin: 5150 mAh<br>hỗ trợ sạc tối đa: 66 W<br>mạng di động: Hỗ trợ 5G<br>sim: 2 Nano SIM<br>hãng: HONOR"
Samsung Galaxy M15 5G 6GB/128GB,https://www.thegioididong.com/dtdd/samsung-galaxy-m15,"hệ điều hành: Android 14<br>chip xử lý (cpu): MediaTek Dimensity 6100+<br>ram: 6 GB<br>dung lượng lưu trữ: 128 GB<br>độ phân giải camera sau: Chính 50 MP & Phụ 5 MP, 2 MP<br>độ phân giải camera trước: 13 MP<br>công nghệ màn hình: Super AMOLED<br>độ phân giải màn hình: Full HD+ (1080 x 2340 Pixels)<br>màn hình rộng: 6.5"" - Tần số quét 90 Hz<br>dung lượng pin: 6000 mAh<br>hỗ trợ sạc tối đa: 25 W<br>mạng di động: Hỗ trợ 5G<br>sim: 2 Nano SIM<br>hãng: Samsung"
OPPO A5i Pro 8GB/128GB,https://www.thegioididong.com/dtdd/oppo-a5i-pro-8gb-128gb,"hệ điều hành: Android 15<br>chip xử lý (cpu): Snapdragon 6s Gen 1 8 nhân<br>ram: 8 GB<br>dung lượng lưu trữ: 128 GB<br>độ phân giải camera sau: Chính 50 MP & Phụ 2 MP<br>độ phân giải camera trước: 5 MP<br>công nghệ màn hình: IPS LCD<br>độ phân giải màn hình: HD+ (720 x 1604 Pixels)<br>màn hình rộng: 6.67"" - Tần số quét 90 Hz<br>dung lượng pin: 6000 mAh<br>hỗ trợ sạc tối đa: 45 W<br>mạng di động: Hỗ trợ 4G<br>sim: 2 Nano SIM (SIM 2 chung khe thẻ nhớ)<br>hãng: OPPO"
OPPO A5i 4GB/64GB,https://www.thegioididong.com/dtdd/oppo-a5i-4gb-64gb,"hệ điều hành: Android 14<br>chip xử lý (cpu): Snapdragon 6s Gen 1 8 nhân<br>ram: 4 GB<br>dung lượng lưu trữ: 64 GB<br>độ phân giải camera sau: 8 MP<br>độ phân giải camera trước: 5 MP<br>công nghệ màn hình: IPS LCD<br>độ phân giải màn hình: HD+ (720 x 1604 Pixels)<br>màn hình rộng: 6.67"" - Tần số quét 90 Hz<br>dung lượng pin: 5100 mAh<br>hỗ trợ sạc tối đa: 45 W<br>mạng di động: Hỗ trợ 4G<br>sim: 2 Nano SIM<br>hãng: OPPO"
